intrt,geo\time	2012M11 	2012M10 	2012M09 	2012M08 	2012M07 	2012M06 	2012M05 	2012M04 	2012M03 	2012M02 	2012M01 	2011M12 	2011M11 	2011M10 	2011M09 	2011M08 	2011M07 	2011M06 	2011M05 	2011M04 	2011M03 	2011M02 	2011M01 	2010M12 	2010M11 	2010M10 	2010M09 	2010M08 	2010M07 	2010M06 	2010M05 	2010M04 	2010M03 	2010M02 	2010M01 	2009M12 	2009M11 	2009M10 	2009M09 	2009M08 	2009M07 	2009M06 	2009M05 	2009M04 	2009M03 	2009M02 	2009M01 	2008M12 	2008M11 	2008M10 	2008M09 	2008M08 	2008M07 	2008M06 	2008M05 	2008M04 	2008M03 	2008M02 	2008M01 	2007M12 	2007M11 	2007M10 	2007M09 	2007M08 	2007M07 	2007M06 	2007M05 	2007M04 	2007M03 	2007M02 	2007M01 	2006M12 	2006M11 	2006M10 	2006M09 	2006M08 	2006M07 	2006M06 	2006M05 	2006M04 	2006M03 	2006M02 	2006M01 	2005M12 	2005M11 	2005M10 	2005M09 	2005M08 	2005M07 	2005M06 	2005M05 	2005M04 	2005M03 	2005M02 	2005M01 	2004M12 	2004M11 	2004M10 	2004M09 	2004M08 	2004M07 	2004M06 	2004M05 	2004M04 	2004M03 	2004M02 	2004M01 	2003M12 	2003M11 	2003M10 	2003M09 	2003M08 	2003M07 	2003M06 	2003M05 	2003M04 	2003M03 	2003M02 	2003M01 	2002M12 	2002M11 	2002M10 	2002M09 	2002M08 	2002M07 	2002M06 	2002M05 	2002M04 	2002M03 	2002M02 	2002M01 	2001M12 	2001M11 	2001M10 	2001M09 	2001M08 	2001M07 	2001M06 	2001M05 	2001M04 	2001M03 	2001M02 	2001M01 	2000M12 	2000M11 	2000M10 	2000M09 	2000M08 	2000M07 	2000M06 	2000M05 	2000M04 	2000M03 	2000M02 	2000M01 	1999M12 	1999M11 	1999M10 	1999M09 	1999M08 	1999M07 	1999M06 	1999M05 	1999M04 	1999M03 	1999M02 	1999M01 	1998M12 	1998M11 	1998M10 	1998M09 	1998M08 	1998M07 	1998M06 	1998M05 	1998M04 	1998M03 	1998M02 	1998M01 	1997M12 	1997M11 	1997M10 	1997M09 	1997M08 	1997M07 	1997M06 	1997M05 	1997M04 	1997M03 	1997M02 	1997M01 	1996M12 	1996M11 	1996M10 	1996M09 	1996M08 	1996M07 	1996M06 	1996M05 	1996M04 	1996M03 	1996M02 	1996M01 	1995M12 	1995M11 	1995M10 	1995M09 	1995M08 	1995M07 	1995M06 	1995M05 	1995M04 	1995M03 	1995M02 	1995M01 	1994M12 	1994M11 	1994M10 	1994M09 	1994M08 	1994M07 	1994M06 	1994M05 	1994M04 	1994M03 	1994M02 	1994M01 	1993M12 	1993M11 	1993M10 	1993M09 	1993M08 	1993M07 	1993M06 	1993M05 	1993M04 	1993M03 	1993M02 	1993M01 	1992M12 	1992M11 	1992M10 	1992M09 	1992M08 	1992M07 	1992M06 	1992M05 	1992M04 	1992M03 	1992M02 	1992M01 	1991M12 	1991M11 	1991M10 	1991M09 	1991M08 	1991M07 	1991M06 	1991M05 	1991M04 	1991M03 	1991M02 	1991M01 	1990M12 	1990M11 	1990M10 	1990M09 	1990M08 	1990M07 	1990M06 	1990M05 	1990M04 	1990M03 	1990M02 	1990M01 	1989M12 	1989M11 	1989M10 	1989M09 	1989M08 	1989M07 	1989M06 	1989M05 	1989M04 	1989M03 	1989M02 	1989M01 	1988M12 	1988M11 	1988M10 	1988M09 	1988M08 	1988M07 	1988M06 	1988M05 	1988M04 	1988M03 	1988M02 	1988M01 	1987M12 	1987M11 	1987M10 	1987M09 	1987M08 	1987M07 	1987M06 	1987M05 	1987M04 	1987M03 	1987M02 	1987M01 	1986M12 	1986M11 	1986M10 	1986M09 	1986M08 	1986M07 	1986M06 	1986M05 	1986M04 	1986M03 	1986M02 	1986M01 	1985M12 	1985M11 	1985M10 	1985M09 	1985M08 	1985M07 	1985M06 	1985M05 	1985M04 	1985M03 	1985M02 	1985M01 	1984M12 	1984M11 	1984M10 	1984M09 	1984M08 	1984M07 	1984M06 	1984M05 	1984M04 	1984M03 	1984M02 	1984M01 	1983M12 	1983M11 	1983M10 	1983M09 	1983M08 	1983M07 	1983M06 	1983M05 	1983M04 	1983M03 	1983M02 	1983M01 	1982M12 	1982M11 	1982M10 	1982M09 	1982M08 	1982M07 	1982M06 	1982M05 	1982M04 	1982M03 	1982M02 	1982M01 	1981M12 	1981M11 	1981M10 	1981M09 	1981M08 	1981M07 	1981M06 	1981M05 	1981M04 	1981M03 	1981M02 	1981M01 	1980M12 	1980M11 	1980M10 	1980M09 	1980M08 	1980M07 	1980M06 	1980M05 	1980M04 	1980M03 	1980M02 	1980M01 	1979M12 	1979M11 	1979M10 	1979M09 	1979M08 	1979M07 	1979M06 	1979M05 	1979M04 	1979M03 	1979M02 	1979M01 	1978M12 	1978M11 	1978M10 	1978M09 	1978M08 	1978M07 	1978M06 	1978M05 	1978M04 	1978M03 	1978M02 	1978M01 	1977M12 	1977M11 	1977M10 	1977M09 	1977M08 	1977M07 	1977M06 	1977M05 	1977M04 	1977M03 	1977M02 	1977M01 	1976M12 	1976M11 	1976M10 	1976M09 	1976M08 	1976M07 	1976M06 	1976M05 	1976M04 	1976M03 	1976M02 	1976M01 	1975M12 	1975M11 	1975M10 	1975M09 	1975M08 	1975M07 	1975M06 	1975M05 	1975M04 	1975M03 	1975M02 	1975M01 	1974M12 	1974M11 	1974M10 	1974M09 	1974M08 	1974M07 	1974M06 	1974M05 	1974M04 	1974M03 	1974M02 	1974M01 	1973M12 	1973M11 	1973M10 	1973M09 	1973M08 	1973M07 	1973M06 	1973M05 	1973M04 	1973M03 	1973M02 	1973M01 
MAT_Y10,AT	: 	: 	: 	: 	: 	: 	: 	: 	: 	: 	: 	: 	: 	: 	: 	: 	: 	: 	: 	: 	: 	: 	: 	: 	: 	: 	: 	: 	: 	: 	: 	: 	: 	: 	: 	: 	: 	: 	: 	: 	: 	: 	: 	: 	: 	: 	: 	: 	: 	: 	: 	: 	: 	: 	: 	: 	: 	: 	: 	: 	: 	: 	: 	: 	: 	: 	: 	4.19 	3.98 	4.09 	4.05 	3.80 	3.76 	3.83 	3.80 	3.92 	4.07 	4.01 	4.04 	3.91 	3.64 	3.47 	3.31 	3.36 	3.47 	3.26 	3.10 	3.29 	3.26 	3.23 	3.39 	3.49 	3.69 	3.53 	3.57 	3.66 	3.86 	3.99 	4.14 	4.17 	4.40 	4.41 	4.36 	4.22 	4.09 	4.27 	4.24 	4.40 	4.46 	4.30 	4.29 	4.22 	4.05 	3.74 	3.85 	4.17 	4.08 	4.01 	4.27 	4.47 	4.64 	4.62 	4.58 	4.78 	5.08 	5.19 	5.37 	5.38 	5.35 	5.06 	5.08 	4.94 	4.67 	4.85 	5.07 	5.09 	5.29 	5.27 	5.34 	5.16 	5.01 	5.10 	5.10 	5.21 	5.46 	5.52 	5.57 	5.54 	5.60 	5.52 	5.66 	5.49 	5.59 	5.77 	5.75 	5.35 	5.27 	5.53 	5.27 	5.10 	4.87 	4.54 	4.21 	4.03 	4.16 	3.98 	3.84 	4.05 	4.33 	4.30 	4.31 	4.62 	4.82 	4.89 	5.03 	4.97 	4.97 	5.07 	5.19 	5.40 	5.63 	5.62 	5.63 	5.70 	5.61 	5.78 	5.79 	5.90 	5.71 	5.58 	5.84 	5.86 	5.95 	6.06 	6.30 	6.41 	6.58 	6.63 	6.45 	6.43 	6.55 	6.44 	6.21 	6.47 	6.76 	6.96 	6.88 	7.00 	7.11 	7.05 	7.13 	7.37 	7.51 	7.65 	7.72 	7.63 	7.72 	7.69 	7.57 	7.20 	7.12 	7.41 	6.97 	6.67 	6.45 	6.06 	5.81 	6.04 	6.18 	6.26 	6.44 	6.60 	6.75 	6.99 	7.06 	6.93 	6.86 	7.13 	7.22 	7.62 	7.74 	7.83 	8.22 	8.43 	8.44 	8.39 	8.34 	8.30 	8.25 	8.23 	8.31 	8.55 	8.54 	8.51 	8.60 	8.64 	8.61 	8.50 	8.48 	8.41 	8.40 	8.56 	8.91 	8.76 	8.90 	9.05 	9.01 	8.83 	8.69 	8.83 	8.83 	8.79 	8.77 	8.54 	8.18 	7.82 	7.62 	7.27 	7.17 	7.10 	7.11 	7.14 	7.20 	7.00 	6.95 	6.81 	6.65 	6.59 	6.68 	6.85 	7.01 	7.03 	6.94 	6.91 	6.84 	6.78 	6.85 	6.93 	6.91 	6.89 	7.19 	7.38 	7.16 	6.92 	6.72 	6.64 	6.74 	6.93 	7.08 	7.13 	7.31 	7.43 	7.45 	7.35 	7.25 	7.23 	7.31 	7.30 	7.27 	7.48 	7.67 	7.76 	7.76 	7.61 	7.55 	7.37 	7.34 	7.58 	7.77 	7.87 	8.01 	8.08 	8.06 	8.00 	8.00 	: 	: 	: 	: 	: 	: 	: 	: 	: 	: 	: 	: 	: 	: 	: 	: 	: 	: 	: 	: 	: 	: 	: 	: 	: 	: 	: 	: 	: 	: 	: 	: 	: 	: 	: 	: 	: 	: 	: 	: 	: 	: 	: 	: 	: 	: 	: 	: 	: 	: 	: 	: 	: 	: 	: 	: 	: 	: 	: 	: 	: 	: 	: 	: 	: 	: 	: 	: 	: 	: 	: 	: 	: 	: 	: 	: 	: 	: 	: 	: 	: 	: 	: 	: 	: 	: 	: 	: 	: 	: 	: 	: 	: 	: 	: 	: 	: 	: 	: 	: 	: 	: 	: 	: 	: 	: 	: 	: 	: 	: 	: 	: 	: 	: 	: 	: 	: 	: 	: 	: 	: 	: 	: 	: 	: 	: 	: 	: 	: 	: 	: 	: 	: 	: 	: 	: 	: 	: 	: 	: 	: 	: 	: 	: 
MAT_Y10,BE	: 	: 	: 	: 	: 	: 	: 	: 	: 	: 	: 	: 	: 	: 	: 	: 	: 	: 	: 	: 	: 	: 	: 	: 	: 	: 	: 	: 	: 	: 	: 	: 	: 	: 	: 	: 	: 	: 	: 	: 	: 	: 	: 	: 	: 	: 	: 	: 	: 	: 	: 	: 	: 	: 	: 	: 	: 	: 	: 	: 	: 	: 	: 	: 	: 	: 	: 	4.22 	4.01 	4.11 	4.06 	3.82 	3.76 	3.83 	3.79 	3.92 	4.04 	4.02 	4.03 	3.96 	3.70 	3.54 	3.37 	3.39 	3.49 	3.30 	3.14 	3.31 	3.30 	3.26 	3.43 	3.60 	3.76 	3.57 	3.59 	3.66 	3.85 	3.98 	4.11 	4.18 	4.34 	4.46 	4.40 	4.26 	4.07 	4.26 	4.26 	4.38 	4.43 	4.31 	4.25 	4.22 	4.06 	3.74 	3.95 	4.29 	4.15 	4.11 	4.28 	4.46 	4.64 	4.66 	4.60 	4.80 	5.09 	5.24 	5.38 	5.37 	5.37 	5.15 	5.08 	4.97 	4.75 	4.89 	5.14 	5.15 	5.35 	5.33 	5.38 	5.21 	5.08 	5.16 	5.16 	5.28 	5.52 	5.58 	5.63 	5.56 	5.60 	5.53 	5.69 	5.52 	5.62 	5.79 	5.79 	5.41 	5.30 	5.58 	5.34 	5.18 	4.94 	4.64 	4.29 	4.11 	4.26 	4.04 	3.90 	4.09 	4.33 	4.28 	4.34 	4.66 	4.88 	4.96 	5.09 	5.03 	5.03 	5.11 	5.22 	5.45 	5.68 	5.69 	5.69 	5.75 	5.64 	5.83 	5.90 	6.02 	5.85 	5.65 	5.89 	5.90 	6.00 	6.10 	6.45 	6.62 	6.78 	6.78 	6.69 	6.67 	6.84 	6.64 	6.44 	6.70 	6.80 	7.06 	7.04 	7.19 	7.33 	7.33 	7.59 	7.85 	8.16 	8.27 	8.45 	8.30 	8.35 	8.45 	8.58 	8.21 	7.95 	7.98 	7.54 	7.29 	7.14 	6.70 	6.52 	6.59 	6.92 	7.19 	7.22 	7.08 	7.05 	7.23 	7.43 	7.44 	7.37 	7.65 	7.57 	7.95 	8.04 	8.28 	8.77 	9.03 	8.91 	8.92 	8.83 	8.86 	8.81 	8.72 	8.72 	9.13 	9.15 	9.13 	9.22 	9.41 	9.47 	9.26 	9.14 	9.17 	9.23 	9.25 	9.87 	9.95 	10.01 	10.22 	10.30 	10.01 	9.56 	9.75 	9.82 	10.00 	10.26 	10.40 	9.80 	9.40 	9.10 	8.68 	8.43 	8.36 	8.39 	8.35 	8.36 	8.42 	8.51 	8.30 	8.17 	8.14 	8.05 	8.09 	8.24 	8.20 	8.09 	7.95 	7.93 	7.79 	7.67 	7.78 	8.16 	8.27 	8.35 	8.64 	8.18 	7.96 	8.07 	8.10 	8.05 	8.02 	8.11 	8.20 	8.26 	8.27 	8.09 	8.09 	8.04 	7.92 	8.23 	8.58 	8.48 	8.29 	9.48 	9.99 	10.05 	9.94 	9.99 	10.38 	10.76 	10.80 	10.67 	10.78 	11.45 	11.64 	11.73 	11.73 	11.75 	11.84 	11.90 	12.13 	12.12 	12.16 	12.33 	12.40 	12.39 	12.39 	12.55 	12.41 	12.29 	12.18 	11.87 	11.75 	11.77 	11.50 	11.51 	11.67 	11.70 	12.02 	12.53 	12.37 	12.42 	12.54 	12.96 	13.32 	13.29 	13.33 	13.37 	13.61 	13.58 	13.70 	13.75 	13.81 	13.88 	13.78 	13.63 	13.68 	13.70 	13.72 	13.71 	13.72 	13.21 	13.21 	13.11 	13.00 	12.77 	12.35 	12.23 	12.24 	12.05 	11.72 	11.53 	11.95 	11.86 	12.11 	12.28 	11.42 	11.06 	: 	: 	: 	: 	: 	: 	: 	: 	: 	: 	: 	: 	: 	: 	: 	: 	: 	: 	: 	: 	: 	: 	: 	: 	: 	: 	: 	: 	: 	: 	: 	: 	: 	: 	: 	: 	: 	: 	: 	: 	: 	: 	: 	: 	: 	: 	: 	: 	: 	: 	: 	: 	: 	: 	: 	: 	: 	: 	: 	: 	: 	: 	: 	: 	: 	: 	: 	: 	: 	: 	: 	: 	: 	: 	: 	: 	: 	: 	: 	: 	: 	: 	: 	: 
MAT_Y10,BG	2.03 	2.09 	2.36 	2.03 	2.76 	2.67 	3.71 	3.73 	3.37 	3.87 	3.99 	3.69 	4.85 	4.09 	4.24 	4.66 	3.72 	4.40 	4.78 	4.68 	4.77 	4.16 	5.11 	4.57 	4.68 	5.14 	5.30 	5.50 	4.76 	5.61 	5.13 	4.98 	5.38 	5.64 	5.60 	6.29 	6.44 	6.70 	7.06 	7.50 	4.28 	7.48 	7.07 	7.06 	6.73 	7.19 	7.23 	7.68 	7.94 	6.44 	5.87 	5.40 	5.87 	5.58 	5.08 	4.82 	4.85 	4.99 	5.12 	4.99 	4.56 	4.56 	4.56 	4.22 	4.29 	4.50 	4.31 	4.35 	4.32 	4.27 	4.11 	3.92 	4.02 	4.11 	4.28 	4.25 	4.23 	4.16 	3.70 	4.12 	3.85 	3.90 	3.63 	: z	: z	3.49 	3.47 	: z	3.66 	3.82 	: z	: z	4.16 	: z	4.21 	: z	5.01 	5.23 	: z	: z	: z	: z	: z	5.30 	: z	5.48 	: z	: z	: z	6.06 	: z	: z	5.91 	: z	: z	6.78 	: z	: z	6.93 	: z	: z	: z	: z	: z	8.44 	8.27 	: z	8.06 	: 	: 	: 	: 	: 	: 	: 	: 	: 	: 	: 	: 	: 	: 	: 	: 	: 	: 	: 	: 	: 	: 	: 	: 	: 	: 	: 	: z	: z	: z	: z	: z	: z	: z	: z	: z	: z	: z	: z	: z	: z	: z	: z	: z	: z	: z	: z	: z	: z	: z	: z	: z	: z	: z	: z	: z	: z	: z	: z	: z	: z	: z	: z	: z	: z	: z	: z	: z	: z	: z	: z	: z	: z	: z	: z	: z	: z	: z	: z	: z	: z	: z	: z	: z	: z	: z	: z	: 	: 	: 	: 	: 	: 	: 	: 	: 	: 	: 	: 	: 	: 	: 	: 	: 	: 	: 	: 	: 	: 	: 	: 	: 	: 	: 	: 	: 	: 	: 	: 	: 	: 	: 	: 	: 	: 	: 	: 	: 	: 	: 	: 	: 	: 	: 	: 	: 	: 	: 	: 	: 	: 	: 	: 	: 	: 	: 	: 	: 	: 	: 	: 	: 	: 	: 	: 	: 	: 	: 	: 	: 	: 	: 	: 	: 	: 	: 	: 	: 	: 	: 	: 	: 	: 	: 	: 	: 	: 	: 	: 	: 	: 	: 	: 	: 	: 	: 	: 	: 	: 	: 	: 	: 	: 	: 	: 	: 	: 	: 	: 	: 	: 	: 	: 	: 	: 	: 	: 	: 	: 	: 	: 	: 	: 	: 	: 	: 	: 	: 	: 	: 	: 	: 	: 	: 	: 	: 	: 	: 	: 	: 	: 	: 	: 	: 	: 	: 	: 	: 	: 	: 	: 	: 	: 	: 	: 	: 	: 	: 	: 	: 	: 	: 	: 	: 	: 	: 	: 	: 	: 	: 	: 	: 	: 	: 	: 	: 	: 	: 	: 	: 	: 	: 	: 	: 	: 	: 	: 	: 	: 	: 	: 	: 	: 	: 	: 	: 	: 	: 	: 	: 	: 	: 	: 	: 	: 	: 	: 	: 	: 	: 	: 	: 	: 	: 	: 	: 	: 	: 	: 	: 	: 	: 	: 	: 	: 	: 	: 	: 	: 	: 	: 	: 	: 	: 	: 	: 	: 	: 	: 	: 	: 	: 	: 	: 	: 	: 	: 	: 	: 	: 	: 	: 	: 	: 	: 	: 	: 	: 	: 	: 	: 
MAT_Y10,CY	: 	: 	: 	: 	: 	: 	: 	: 	: 	: 	: 	: 	: 	: 	: 	: 	: 	: 	: 	: 	: 	: 	: 	: 	: 	: 	: 	: 	: 	: 	: 	: 	: 	: 	: 	: 	: 	: 	: 	: 	: 	: 	: 	: 	: 	: 	: 	: 	: z	: z	: z	: z	: z	: z	: z	: z	: z	: z	: z	: z	4.60 	4.60 	4.60 	: z	: z	: z	: z	4.44 	: z	4.47 	4.37 	: z	: z	4.26 	: z	: z	4.28 	4.03 	: z	: z	4.07 	: z	3.96 	4.08 	: z	: z	4.22 	: z	: z	4.84 	: z	5.84 	: z	5.89 	6.12 	6.26 	6.27 	: z	: z	: z	: z	6.58 	: z	: z	: z	5.17 	: z	: z	: z	4.75 	: z	: z	: z	4.59 	: z	4.63 	: z	: z	4.83 	: z	: z	5.37 	: z	: z	: z	: z	: z	: z	: z	5.37 	: z	: z	: z	: z	: z	: z	7.55 	: z	7.70 	7.71 	7.59 	7.70 	7.68 	7.69 	7.67 	7.61 	7.60 	: z	7.59 	7.51 	7.51 	7.45 	7.43 	7.40 	: z	7.41 	7.39 	7.38 	7.38 	: z	7.36 	7.34 	: z	7.32 	: z	: z	7.28 	6.50 	7.29 	6.50 	6.50 	6.50 	6.50 	7.24 	7.19 	6.50 	7.16 	6.50 	6.50 	: z	6.93 	: z	: z	: z	: z	: z	: z	: z	: z	: z	: z	: z	: z	: z	: z	: z	: z	: z	: z	: z	: z	: z	: z	: z	: z	: z	: z	: z	: z	: z	: z	: z	: z	: z	: z	: 	: 	: 	: 	: 	: 	: 	: 	: 	: 	: 	: 	: 	: 	: 	: 	: 	: 	: 	: 	: 	: 	: 	: 	: 	: 	: 	: 	: 	: 	: 	: 	: 	: 	: 	: 	: 	: 	: 	: 	: 	: 	: 	: 	: 	: 	: 	: 	: 	: 	: 	: 	: 	: 	: 	: 	: 	: 	: 	: 	: 	: 	: 	: 	: 	: 	: 	: 	: 	: 	: 	: 	: 	: 	: 	: 	: 	: 	: 	: 	: 	: 	: 	: 	: 	: 	: 	: 	: 	: 	: 	: 	: 	: 	: 	: 	: 	: 	: 	: 	: 	: 	: 	: 	: 	: 	: 	: 	: 	: 	: 	: 	: 	: 	: 	: 	: 	: 	: 	: 	: 	: 	: 	: 	: 	: 	: 	: 	: 	: 	: 	: 	: 	: 	: 	: 	: 	: 	: 	: 	: 	: 	: 	: 	: 	: 	: 	: 	: 	: 	: 	: 	: 	: 	: 	: 	: 	: 	: 	: 	: 	: 	: 	: 	: 	: 	: 	: 	: 	: 	: 	: 	: 	: 	: 	: 	: 	: 	: 	: 	: 	: 	: 	: 	: 	: 	: 	: 	: 	: 	: 	: 	: 	: 	: 	: 	: 	: 	: 	: 	: 	: 	: 	: 	: 	: 	: 	: 	: 	: 	: 	: 	: 	: 	: 	: 	: 	: 	: 	: 	: 	: 	: 	: 	: 	: 	: 	: 	: 	: 	: 	: 	: 	: 	: 	: 	: 	: 	: 	: 	: 	: 	: 	: 	: 	: 	: 	: 	: 	: 	: 	: 	: 	: 	: 	: 	: 	: 	: 	: 	: 	: 	: 	: 
MAT_Y10,CZ	: 	: 	: 	: 	: 	: 	: 	: 	: 	: 	: 	: 	: 	: 	: 	: 	: 	: 	: 	: 	: 	: 	: 	: 	: 	: 	: 	: 	: 	: 	: 	: 	: 	: 	: 	: 	: 	: 	: 	: 	: 	: 	: 	: 	: 	: 	: 	: 	: 	: 	: 	: 	: 	: 	: 	: 	: 	: 	: 	: 	: 	: 	: 	: 	: 	: 	: 	: 	: 	: 	: 	: 	: 	: 	: 	: 	: 	: 	: 	: 	: 	: 	: 	: 	: 	: 	: 	: 	: 	: 	: 	: 	: 	: 	: 	: 	: 	: 	: 	: 	: 	: 	: 	: 	: 	: 	: 	: 	: 	: 	4.26 	4.23 	4.06 	3.49 	3.73 	3.92 	3.75 	3.81 	4.10 	4.15 	4.21 	4.29 	4.48 	4.57 	4.79 	5.13 	5.30 	5.42 	5.55 	5.31 	5.32 	5.43 	5.40 	5.84 	6.47 	6.76 	6.85 	6.72 	6.49 	6.25 	6.24 	6.50 	6.82 	7.38 	7.59 	7.36 	7.00 	6.99 	6.87 	6.55 	6.33 	6.34 	: z	: z	: z	: z	: z	: z	: z	: z	: z	: z	: z	: z	: z	: z	: z	: z	: z	: z	: z	: z	: z	: z	: z	: z	: z	: z	: z	: z	: z	: z	: z	: z	: z	: z	: z	: z	: z	: z	: z	: z	: z	: z	: z	: z	: z	: z	: z	: z	: z	: z	: z	: z	: z	: z	: z	: z	: z	: z	: z	: z	: z	: z	: z	: 	: 	: 	: 	: 	: 	: 	: 	: 	: 	: 	: 	: 	: 	: 	: 	: 	: 	: 	: 	: 	: 	: 	: 	: 	: 	: 	: 	: 	: 	: 	: 	: 	: 	: 	: 	: 	: 	: 	: 	: 	: 	: 	: 	: 	: 	: 	: 	: 	: 	: 	: 	: 	: 	: 	: 	: 	: 	: 	: 	: 	: 	: 	: 	: 	: 	: 	: 	: 	: 	: 	: 	: 	: 	: 	: 	: 	: 	: 	: 	: 	: 	: 	: 	: 	: 	: 	: 	: 	: 	: 	: 	: 	: 	: 	: 	: 	: 	: 	: 	: 	: 	: 	: 	: 	: 	: 	: 	: 	: 	: 	: 	: 	: 	: 	: 	: 	: 	: 	: 	: 	: 	: 	: 	: 	: 	: 	: 	: 	: 	: 	: 	: 	: 	: 	: 	: 	: 	: 	: 	: 	: 	: 	: 	: 	: 	: 	: 	: 	: 	: 	: 	: 	: 	: 	: 	: 	: 	: 	: 	: 	: 	: 	: 	: 	: 	: 	: 	: 	: 	: 	: 	: 	: 	: 	: 	: 	: 	: 	: 	: 	: 	: 	: 	: 	: 	: 	: 	: 	: 	: 	: 	: 	: 	: 	: 	: 	: 	: 	: 	: 	: 	: 	: 	: 	: 	: 	: 	: 	: 	: 	: 	: 	: 	: 	: 	: 	: 	: 	: 	: 	: 	: 	: 	: 	: 	: 	: 	: 	: 	: 	: 	: 	: 	: 	: 	: 	: 	: 	: 	: 	: 	: 	: 	: 	: 	: 	: 	: 	: 	: 	: 	: 	: 	: 	: 	: 	: 	: 	: 	: 	: 	: 	: 
MAT_Y10,DE	: 	: 	: 	: 	: 	: 	: 	: 	: 	: 	: 	: 	: 	: 	: 	: 	: 	: 	: 	: 	: 	: 	: 	: 	: 	: 	: 	: 	: 	: 	: 	: 	: 	: 	: 	: 	: 	: 	: 	: 	: 	: 	: 	: 	: 	: 	: 	: 	: 	: 	: 	: 	: 	: 	: 	: 	: 	: 	: 	: 	: 	: 	: 	: 	: 	: 	: 	4.15 	3.94 	4.05 	4.02 	3.77 	3.71 	3.79 	3.75 	3.88 	4.01 	3.96 	3.96 	3.89 	3.64 	3.47 	3.32 	3.34 	3.45 	3.24 	3.07 	3.23 	3.20 	3.13 	3.30 	3.48 	3.70 	3.54 	3.56 	3.58 	3.78 	3.89 	4.02 	4.08 	4.24 	4.31 	4.25 	4.10 	3.91 	4.11 	4.17 	4.29 	4.35 	4.22 	4.17 	4.13 	3.97 	3.62 	3.82 	4.15 	4.00 	3.95 	4.18 	4.33 	4.48 	4.46 	4.38 	4.59 	4.87 	5.02 	5.17 	5.15 	5.16 	4.92 	4.86 	4.74 	4.45 	4.60 	4.81 	4.82 	5.02 	5.00 	5.05 	4.83 	4.67 	4.78 	4.80 	4.89 	5.15 	5.21 	5.26 	5.21 	5.27 	5.19 	5.38 	5.22 	5.33 	5.51 	5.54 	5.15 	5.04 	5.29 	5.04 	4.88 	4.68 	4.36 	4.01 	3.85 	4.04 	3.85 	3.70 	3.86 	4.12 	4.06 	4.06 	4.42 	4.68 	4.80 	4.96 	4.90 	4.90 	4.99 	5.11 	5.33 	5.56 	5.58 	5.59 	5.66 	5.56 	5.72 	5.76 	5.87 	5.71 	5.55 	5.80 	5.79 	5.86 	6.01 	6.23 	6.30 	6.48 	6.56 	6.45 	6.38 	6.44 	6.20 	5.89 	6.07 	6.34 	6.57 	6.59 	6.74 	6.86 	6.78 	6.86 	7.09 	7.28 	7.42 	7.60 	7.46 	7.49 	7.54 	7.52 	7.09 	6.90 	7.05 	6.66 	6.48 	6.34 	6.07 	5.80 	5.85 	5.98 	6.00 	6.20 	6.41 	6.62 	6.81 	6.83 	6.68 	6.66 	6.94 	7.15 	7.33 	7.38 	7.47 	7.71 	8.08 	8.12 	8.06 	8.08 	8.04 	8.00 	7.92 	7.98 	8.24 	8.34 	8.36 	8.45 	8.56 	8.61 	8.39 	8.39 	8.39 	8.41 	8.42 	8.94 	8.85 	8.95 	9.09 	9.09 	8.90 	8.58 	8.82 	8.74 	8.70 	8.67 	8.43 	7.63 	7.23 	7.28 	7.00 	6.91 	6.70 	6.66 	6.77 	6.96 	6.86 	6.94 	6.83 	6.64 	6.51 	6.35 	6.42 	6.63 	6.79 	6.73 	6.61 	6.59 	6.28 	6.21 	6.27 	6.48 	6.43 	6.33 	6.89 	6.68 	6.42 	6.18 	5.83 	5.54 	5.62 	5.88 	5.94 	5.95 	5.96 	6.17 	6.14 	5.82 	5.60 	5.77 	5.87 	5.75 	5.36 	5.75 	6.23 	6.31 	6.45 	6.58 	6.59 	6.40 	6.59 	6.86 	7.05 	7.20 	7.31 	7.63 	7.59 	7.12 	7.04 	7.26 	7.57 	7.90 	8.11 	8.24 	8.24 	8.24 	8.08 	8.12 	8.21 	8.38 	8.41 	8.31 	8.26 	8.48 	8.37 	8.24 	8.11 	7.69 	7.51 	7.42 	7.71 	7.71 	8.00 	8.29 	8.36 	8.72 	8.98 	9.26 	9.15 	8.82 	8.98 	9.43 	9.76 	9.83 	9.71 	9.92 	10.26 	10.59 	10.54 	10.55 	10.48 	10.38 	10.05 	10.08 	9.76 	8.98 	8.86 	8.70 	8.36 	8.17 	7.84 	7.95 	8.18 	8.59 	9.36 	9.37 	8.39 	8.06 	: 	: 	: 	: 	: 	: 	: 	: 	: 	: 	: 	: 	: 	: 	: 	: 	: 	: 	: 	: 	: 	: 	: 	: 	: 	: 	: 	: 	: 	: 	: 	: 	: 	: 	: 	: 	: 	: 	: 	: 	: 	: 	: 	: 	: 	: 	: 	: 	: 	: 	: 	: 	: 	: 	: 	: 	: 	: 	: 	: 	: 	: 	: 	: 	: 	: 	: 	: 	: 	: 	: 	: 	: 	: 	: 	: 	: 	: 	: 	: 	: 	: 	: 	: 
MAT_Y10,DK	: 	: 	: 	: 	: 	: 	: 	: 	: 	: 	: 	: 	: 	: 	: 	: 	: 	: 	: 	: 	: 	: 	: 	: 	: 	: 	: 	: 	: 	: 	: 	: 	: 	: 	: 	: 	: 	: 	: 	: 	: 	: 	: 	: 	: 	: 	: 	: 	: 	: 	: 	: 	: 	: 	: 	: 	: 	: 	: 	: 	: 	: 	: 	: 	: 	: 	: 	4.18 	3.96 	4.05 	4.00 	3.78 	3.78 	3.88 	3.79 	3.93 	4.06 	4.03 	4.02 	3.98 	3.70 	3.48 	3.31 	3.35 	3.46 	3.22 	3.05 	3.24 	3.20 	3.16 	3.39 	3.58 	3.82 	3.64 	3.74 	3.85 	4.09 	4.23 	4.38 	4.45 	4.62 	4.53 	4.46 	4.30 	4.10 	4.30 	4.35 	4.52 	4.57 	4.44 	4.40 	4.35 	4.17 	3.85 	4.09 	4.41 	4.26 	4.21 	4.43 	4.61 	4.79 	4.81 	4.74 	4.88 	5.13 	5.27 	5.42 	5.40 	5.40 	5.14 	5.08 	4.97 	4.66 	4.86 	5.11 	5.12 	5.32 	5.33 	5.35 	5.14 	4.94 	5.06 	5.09 	5.20 	5.49 	5.57 	5.66 	5.64 	5.76 	5.67 	5.77 	5.57 	5.65 	5.85 	5.87 	5.50 	5.45 	5.76 	5.56 	5.38 	5.12 	4.81 	4.46 	4.22 	4.43 	4.19 	4.04 	4.27 	4.59 	4.67 	4.74 	4.81 	4.91 	4.99 	5.24 	5.13 	5.16 	5.32 	5.42 	5.74 	6.06 	6.07 	6.16 	6.24 	6.11 	6.40 	6.54 	6.62 	6.47 	6.25 	6.49 	6.63 	6.79 	6.83 	7.18 	7.26 	7.36 	7.50 	7.39 	7.34 	7.60 	7.41 	7.04 	7.32 	7.57 	7.88 	7.84 	8.08 	8.34 	8.27 	8.32 	8.75 	8.96 	8.86 	9.06 	8.77 	8.83 	8.92 	9.09 	8.57 	8.15 	8.16 	7.41 	7.03 	6.69 	6.27 	6.02 	6.22 	6.40 	6.47 	6.77 	6.73 	7.05 	7.18 	7.56 	7.78 	8.18 	8.63 	8.65 	8.98 	8.81 	9.28 	9.57 	9.61 	9.17 	9.01 	8.78 	8.83 	8.73 	8.55 	8.52 	8.90 	8.93 	8.95 	9.14 	9.34 	9.34 	9.20 	9.11 	9.21 	9.32 	9.42 	10.28 	10.36 	10.67 	10.77 	10.83 	10.46 	10.03 	10.36 	10.44 	10.58 	11.24 	11.31 	10.50 	10.15 	10.29 	10.18 	9.74 	9.32 	9.34 	9.87 	9.81 	9.68 	9.64 	9.44 	9.02 	9.06 	9.44 	9.65 	9.80 	9.79 	9.59 	9.78 	10.41 	10.49 	10.06 	9.94 	10.60 	11.12 	11.40 	11.84 	11.47 	10.90 	11.04 	10.70 	11.11 	11.53 	11.85 	11.36 	11.09 	11.12 	11.25 	10.63 	10.81 	10.70 	9.94 	9.45 	9.14 	8.74 	9.06 	9.72 	10.05 	9.94 	10.32 	10.65 	10.99 	10.34 	10.57 	11.40 	12.06 	12.04 	12.96 	13.51 	14.18 	14.36 	14.35 	14.66 	14.85 	14.63 	15.28 	14.85 	14.58 	15.01 	14.28 	13.36 	12.91 	13.76 	14.24 	14.53 	14.10 	15.36 	15.25 	14.28 	: 	: 	: 	: 	: 	: 	: 	: 	: 	: 	: 	: 	: 	: 	: 	: 	: 	: 	: 	: 	: 	: 	: 	: 	: 	: 	: 	: 	: 	: 	: 	: 	: 	: 	: 	: 	: 	: 	: 	: 	: 	: 	: 	: 	: 	: 	: 	: 	: 	: 	: 	: 	: 	: 	: 	: 	: 	: 	: 	: 	: 	: 	: 	: 	: 	: 	: 	: 	: 	: 	: 	: 	: 	: 	: 	: 	: 	: 	: 	: 	: 	: 	: 	: 	: 	: 	: 	: 	: 	: 	: 	: 	: 	: 	: 	: 	: 	: 	: 	: 	: 	: 	: 	: 	: 	: 	: 	: 	: 	: 	: 	: 	: 	: 	: 	: 	: 	: 	: 	: 	: 	: 	: 	: 	: 
MAT_Y10,EA	3.47 	3.57 	3.79 	4.03 	4.16 	4.30 	4.28 	4.24 	4.06 	4.45 	4.65 	4.63 	4.69 	4.28 	4.08 	4.17 	4.64 	4.50 	4.47 	4.55 	4.40 	4.32 	4.23 	4.13 	3.75 	3.35 	3.39 	3.34 	3.60 	3.60 	3.52 	3.68 	3.62 	3.72 	3.74 	3.63 	3.66 	3.66 	3.70 	3.73 	3.89 	4.09 	3.95 	3.84 	3.85 	3.94 	3.88 	3.73 	4.10 	4.31 	4.43 	4.48 	4.76 	4.78 	4.43 	4.28 	4.07 	4.13 	4.19 	4.36 	4.24 	4.41 	4.37 	4.42 	4.60 	4.64 	4.36 	4.23 	4.02 	4.12 	4.10 	3.85 	3.79 	3.87 	3.83 	3.96 	4.08 	4.05 	4.05 	3.99 	3.72 	3.54 	3.38 	3.40 	3.51 	3.30 	3.14 	3.30 	3.28 	3.22 	3.39 	3.54 	3.75 	3.59 	3.60 	3.66 	3.86 	3.98 	4.11 	4.15 	4.31 	4.41 	4.35 	4.19 	4.02 	4.18 	4.26 	4.36 	4.44 	4.31 	4.23 	4.20 	4.06 	3.72 	3.92 	4.23 	4.13 	4.06 	4.27 	4.41 	4.59 	4.62 	4.52 	4.73 	5.03 	5.16 	5.30 	5.30 	5.32 	5.07 	5.02 	4.96 	4.67 	4.82 	5.04 	5.06 	5.25 	5.21 	5.26 	5.10 	4.94 	5.02 	5.01 	5.07 	5.34 	5.42 	5.47 	5.40 	5.45 	5.35 	5.52 	5.41 	5.49 	5.66 	5.70 	5.30 	5.18 	5.47 	5.24 	5.06 	4.86 	4.53 	4.20 	4.04 	4.18 	3.97 	3.82 	3.95 	4.24 	4.25 	4.27 	4.59 	4.82 	4.91 	5.06 	5.00 	5.01 	5.12 	5.22 	5.46 	5.59 	5.75 	5.66 	5.94 	5.83 	6.09 	6.18 	6.39 	6.32 	6.06 	6.23 	6.31 	6.43 	6.68 	7.13 	7.31 	7.39 	7.51 	7.48 	7.62 	7.83 	7.66 	7.44 	7.82 	8.16 	8.48 	8.36 	8.47 	8.71 	8.75 	8.78 	9.26 	9.43 	9.19 	9.34 	9.14 	9.12 	9.16 	9.12 	8.68 	8.39 	8.37 	7.75 	7.46 	7.35 	6.88 	6.69 	6.85 	7.09 	7.04 	7.31 	7.53 	8.08 	8.42 	8.72 	8.82 	8.79 	9.07 	9.37 	9.61 	9.60 	9.94 	10.06 	10.15 	10.05 	9.84 	9.63 	9.67 	9.63 	9.59 	9.64 	9.91 	9.93 	9.92 	10.03 	10.27 	10.28 	10.11 	10.06 	10.23 	10.41 	10.55 	10.98 	10.95 	11.00 	11.10 	11.16 	10.98 	10.59 	10.73 	10.78 	10.86 	11.00 	10.88 	10.41 	: 	: 	: 	: 	: 	: 	: 	: 	: 	: 	: 	: 	: 	: 	: 	: 	: 	: 	: 	: 	: 	: 	: 	: 	: 	: 	: 	: 	: 	: 	: 	: 	: 	: 	: 	: 	: 	: 	: 	: 	: 	: 	: 	: 	: 	: 	: 	: 	: 	: 	: 	: 	: 	: 	: 	: 	: 	: 	: 	: 	: 	: 	: 	: 	: 	: 	: 	: 	: 	: 	: 	: 	: 	: 	: 	: 	: 	: 	: 	: 	: 	: 	: 	: 	: 	: 	: 	: 	: 	: 	: 	: 	: 	: 	: 	: 	: 	: 	: 	: 	: 	: 	: 	: 	: 	: 	: 	: 	: 	: 	: 	: 	: 	: 	: 	: 	: 	: 	: 	: 	: 	: 	: 	: 	: 	: 	: 	: 	: 	: 	: 	: 	: 	: 	: 	: 	: 	: 	: 	: 	: 	: 	: 	: 	: 	: 	: 	: 	: 	: 	: 	: 	: 	: 	: 	: 	: 	: 	: 	: 	: 	: 	: 	: 	: 	: 	: 	: 	: 	: 	: 	: 	: 	: 	: 	: 	: 	: 	: 	: 	: 	: 	: 	: 	: 	: 	: 	: 	: 	: 	: 	: 	: 	: 	: 	: 	: 	: 	: 	: 	: 	: 	: 	: 
MAT_Y10,EE	: 	: 	: 	: 	: 	: 	: 	: 	: 	: 	: 	: 	: 	: 	: 	: 	: 	: 	: 	: 	: 	: 	: 	: z	: z	: 	: z	: z	: z	: z	: z	: z	: z	: z	: z	: z	: z	: z	: z	: z	: z	: z	: z	: z	: z	: z	: z	: z	: z	: z	: z	: z	: z	: z	: z	: z	: z	: z	: z	: z	: z	: z	: z	: z	: z	: z	: z	: z	: z	: z	: z	: z	: z	: z	: z	: z	: z	: z	: z	: z	: z	: 	: z	: z	: z	: z	: z	: z	: z	: z	: z	: z	: z	: z	: z	: z	: z	: z	: z	: z	: z	: z	: z	: z	: z	: z	: z	: z	: z	: z	: z	: z	: z	: z	: z	: z	: z	: z	: z	: z	: z	: z	: z	: z	: z	: z	: z	: z	: z	: z	: z	: z	: z	: z	: z	: z	: z	: z	: z	: z	: z	: z	: z	: z	: z	: z	: z	: z	: z	: z	: z	: z	: z	: z	: z	: z	: z	: z	: z	: z	: z	: z	: z	: z	: z	: z	: z	: z	: z	: z	: z	: z	: z	: z	: z	: z	: z	: z	: z	: z	: z	: z	: z	: z	: z	: z	: z	: z	: z	: z	: z	: z	: z	: z	: z	: z	: z	: z	: z	: z	: z	: z	: z	: z	: z	: z	: z	: z	: z	: z	: z	: z	: z	: z	: z	: 	: 	: 	: 	: 	: 	: 	: 	: 	: 	: 	: 	: 	: 	: 	: 	: 	: 	: 	: 	: 	: 	: 	: 	: 	: 	: 	: 	: 	: 	: 	: 	: 	: 	: 	: 	: 	: 	: 	: 	: 	: 	: 	: 	: 	: 	: 	: 	: 	: 	: 	: 	: 	: 	: 	: 	: 	: 	: 	: 	: 	: 	: 	: 	: 	: 	: 	: 	: 	: 	: 	: 	: 	: 	: 	: 	: 	: 	: 	: 	: 	: 	: 	: 	: 	: 	: 	: 	: 	: 	: 	: 	: 	: 	: 	: 	: 	: 	: 	: 	: 	: 	: 	: 	: 	: 	: 	: 	: 	: 	: 	: 	: 	: 	: 	: 	: 	: 	: 	: 	: 	: 	: 	: 	: 	: 	: 	: 	: 	: 	: 	: 	: 	: 	: 	: 	: 	: 	: 	: 	: 	: 	: 	: 	: 	: 	: 	: 	: 	: 	: 	: 	: 	: 	: 	: 	: 	: 	: 	: 	: 	: 	: 	: 	: 	: 	: 	: 	: 	: 	: 	: 	: 	: 	: 	: 	: 	: 	: 	: 	: 	: 	: 	: 	: 	: 	: 	: 	: 	: 	: 	: 	: 	: 	: 	: 	: 	: 	: 	: 	: 	: 	: 	: 	: 	: 	: 	: 	: 	: 	: 	: 	: 	: 	: 	: 	: 	: 	: 	: 	: 	: 	: 	: 	: 	: 	: 	: 	: 	: 	: 	: 	: 	: 	: 	: 	: 	: 	: 	: 	: 	: 	: 	: 	: 	: 	: 	: 	: 	: 	: 	: 	: 	: 	: 	: 	: 	: 	: 	: 	: 	: 	: 	: 
MAT_Y10,EL	: 	: 	: 	: 	: 	: 	: 	: 	: 	: 	: 	: 	: 	: 	: 	: 	: 	: 	: 	: 	: 	: 	: 	: 	: 	: 	: 	: 	: 	: 	: 	: 	: 	: 	: 	: 	: 	: 	: 	: 	: 	: 	: 	: 	: 	: 	: 	: 	: 	: 	: 	: 	: 	: 	: 	: 	: 	: 	: 	: 	: 	: 	: 	: 	: 	: 	: 	: 	: 	: 	: 	: 	: 	: 	: 	: 	4.33 	4.31 	4.30 	4.23 	3.95 	3.77 	3.60 	3.57 	3.67 	3.45 	3.30 	3.47 	3.46 	3.44 	3.60 	3.76 	3.92 	3.69 	3.69 	3.77 	3.97 	4.11 	4.22 	4.28 	4.44 	4.55 	4.49 	4.35 	4.17 	4.35 	4.37 	4.45 	4.51 	4.38 	4.32 	4.29 	4.12 	3.81 	4.02 	4.38 	4.26 	4.24 	4.43 	4.58 	4.76 	4.79 	4.73 	4.95 	5.21 	5.37 	5.52 	5.51 	5.50 	5.31 	5.24 	5.13 	4.90 	5.07 	5.31 	5.33 	5.51 	5.48 	5.54 	5.39 	5.28 	5.35 	5.35 	5.54 	5.87 	5.97 	6.05 	6.04 	6.08 	6.06 	6.18 	6.09 	6.24 	6.48 	6.60 	6.39 	6.61 	7.03 	6.64 	6.66 	6.37 	6.02 	5.75 	5.85 	5.97 	5.96 	6.32 	7.17 	7.65 	8.45 	8.25 	7.56 	7.67 	7.74 	7.85 	8.11 	9.27 	11.04 	11.03 	10.48 	10.76 	9.30 	9.43 	9.63 	9.42 	9.15 	8.92 	9.33 	9.45 	10.87 	12.29 	12.42 	13.36 	14.00 	14.46 	14.46 	14.61 	14.95 	14.87 	14.80 	14.90 	15.30 	15.40 	15.40 	15.40 	15.72 	15.72 	16.19 	17.24 	17.24 	17.58 	18.00 	18.25 	18.50 	19.00 	19.00 	21.50 	21.50 	21.50 	21.50 	20.00 	20.00 	20.00 	20.00 	20.38 	21.25 	22.00 	22.25 	22.25 	22.25 	22.25 	22.25 	22.88 	23.38 	23.88 	24.38 	24.50 	24.50 	24.50 	24.50 	25.00 	23.50 	23.50 	: 	: 	: 	: 	: 	: 	: 	: 	: 	: 	: 	: 	: 	: 	: 	: 	: 	: 	: 	: 	: 	: 	: 	: 	: 	: 	: 	: 	: 	: 	: 	: 	: 	: 	: 	: 	: 	: 	: 	: 	: 	: 	: 	: 	: 	: 	: 	: 	: 	: 	: 	: 	: 	: 	: 	: 	: 	: 	: 	: 	: 	: 	: 	: 	: 	: 	: 	: 	: 	: 	: 	: 	: 	: 	: 	: 	: 	: 	: 	: 	: 	: 	: 	: 	: 	: 	: 	: 	: 	: 	: 	: 	: 	: 	: 	: 	: 	: 	: 	: 	: 	: 	: 	: 	: 	: 	: 	: 	: 	: 	: 	: 	: 	: 	: 	: 	: 	: 	: 	: 	: 	: 	: 	: 	: 	: 	: 	: 	: 	: 	: 	: 	: 	: 	: 	: 	: 	: 	: 	: 	: 	: 	: 	: 	: 	: 	: 	: 	: 	: 	: 	: 	: 	: 	: 	: 	: 	: 	: 	: 	: 	: 	: 	: 	: 	: 	: 	: 	: 	: 	: 	: 	: 	: 	: 	: 	: 	: 	: 	: 	: 	: 	: 	: 	: 	: 	: 	: 	: 	: 	: 	: 	: 	: 	: 	: 	: 	: 	: 	: 	: 	: 	: 	: 	: 	: 	: 	: 	: 	: 	: 	: 	: 	: 	: 	: 	: 	: 	: 	: 	: 	: 	: 	: 	: 	: 	: 	: 	: 	: 	: 	: 	: 	: 	: 	: 
MAT_Y10,ES	: 	: 	: 	: 	: 	: 	: 	: 	: 	: 	: 	: 	: 	: 	: 	: 	: 	: 	: 	: 	: 	: 	: 	: 	: 	: 	: 	: 	: 	: 	: 	: 	: 	: 	: 	: 	: 	: 	: 	: 	: 	: 	: 	: 	: 	: 	: 	: 	: 	: 	: 	: 	: 	: 	: 	: 	: 	: 	: 	: 	: 	: 	: 	: 	: 	: 	: 	4.21 	4.01 	4.10 	4.07 	3.82 	3.75 	3.81 	3.76 	3.89 	4.02 	3.99 	3.99 	3.92 	3.66 	3.48 	3.33 	3.37 	3.48 	3.28 	3.09 	3.23 	3.22 	3.18 	3.36 	3.53 	3.74 	3.58 	3.59 	3.64 	3.85 	3.97 	4.08 	4.15 	4.28 	4.39 	4.33 	4.20 	4.01 	4.14 	4.19 	4.34 	4.40 	4.27 	4.21 	4.19 	4.03 	3.69 	3.88 	4.19 	4.04 	4.01 	4.24 	4.42 	4.60 	4.63 	4.57 	4.78 	5.07 	5.23 	5.36 	5.34 	5.34 	5.11 	5.05 	4.97 	4.76 	4.91 	5.14 	5.16 	5.35 	5.33 	5.36 	5.18 	5.04 	5.12 	5.08 	5.20 	5.45 	5.50 	5.56 	5.50 	5.53 	5.45 	5.63 	5.45 	5.55 	5.73 	5.76 	5.37 	5.28 	5.56 	5.32 	5.17 	4.91 	4.60 	4.28 	4.08 	4.26 	4.02 	3.88 	4.07 	4.40 	4.43 	4.48 	4.74 	4.94 	5.02 	5.13 	5.06 	5.09 	5.24 	5.40 	5.64 	5.96 	5.98 	6.09 	6.31 	6.21 	6.47 	6.61 	6.95 	7.03 	6.74 	6.83 	7.00 	7.34 	7.76 	8.43 	8.86 	8.78 	9.11 	9.17 	9.33 	9.89 	9.71 	9.46 	9.95 	10.54 	10.89 	10.80 	10.97 	11.33 	11.54 	11.41 	12.09 	12.26 	11.60 	11.86 	11.38 	11.17 	11.14 	11.22 	10.68 	10.59 	10.28 	9.55 	9.07 	8.82 	8.07 	7.98 	8.28 	8.56 	8.69 	9.09 	9.48 	10.22 	10.56 	11.22 	11.49 	11.36 	11.43 	12.16 	12.53 	12.54 	13.00 	12.64 	12.22 	11.84 	11.34 	10.84 	10.85 	10.80 	10.79 	10.93 	11.32 	11.46 	11.62 	11.58 	12.09 	12.15 	11.92 	11.86 	12.53 	13.15 	14.13 	14.52 	14.54 	14.59 	14.86 	15.14 	14.67 	14.45 	14.49 	14.63 	14.79 	14.86 	14.62 	14.49 	14.49 	14.00 	13.81 	13.74 	13.70 	13.80 	13.78 	13.62 	13.51 	13.57 	13.20 	13.21 	12.82 	12.51 	12.14 	11.42 	11.14 	11.06 	10.86 	11.30 	11.07 	11.61 	12.36 	12.64 	13.44 	13.36 	14.26 	14.18 	14.01 	13.56 	13.20 	13.43 	12.04 	10.95 	10.59 	10.74 	10.36 	10.29 	10.15 	11.10 	11.51 	11.52 	10.97 	11.35 	12.06 	12.24 	12.36 	12.34 	12.32 	12.10 	12.60 	13.92 	14.39 	14.44 	13.79 	13.57 	13.40 	13.46 	13.22 	13.20 	13.92 	14.98 	15.55 	16.42 	16.88 	16.95 	17.11 	17.57 	17.55 	17.27 	16.88 	17.19 	17.23 	18.10 	18.11 	17.75 	17.63 	16.94 	16.70 	17.02 	16.40 	15.82 	15.40 	15.81 	15.55 	16.23 	16.48 	16.06 	16.07 	16.06 	16.08 	15.74 	16.18 	15.92 	15.96 	15.52 	15.76 	16.20 	15.96 	15.73 	15.09 	14.99 	15.52 	15.99 	15.85 	16.28 	16.34 	16.03 	16.23 	16.71 	16.71 	16.33 	16.21 	15.78 	15.06 	15.90 	15.98 	15.72 	15.40 	15.50 	: 	: 	: 	: 	: 	: 	: 	: 	: 	: 	: 	: 	: 	: 	: 	: 	: 	: 	: 	: 	: 	: 	: 	: 	: 	: 	: 	: 	: 	: 	: 	: 	: 	: 	: 	: 	: 	: 	: 	: 	: 	: 	: 	: 	: 	: 	: 	: 	: 	: 	: 	: 	: 	: 	: 	: 	: 	: 	: 	: 	: 	: 	: 	: 	: 	: 	: 	: 	: 	: 	: 	: 	: 	: 	: 	: 	: 	: 	: 	: 	: 	: 	: 	: 
MAT_Y10,FI	: 	: 	: 	: 	: 	: 	: 	: 	: 	: 	: 	: 	: 	: 	: 	: 	: 	: 	: 	: 	: 	: 	: 	: 	: 	: 	: 	: 	: 	: 	: 	: 	: 	: 	: 	: 	: 	: 	: 	: 	: 	: 	: 	: 	: 	: 	: 	: 	: 	: 	: 	: 	: 	: 	: 	: 	: 	: 	: 	: 	: 	: 	: 	: 	: 	: 	: 	4.20 	3.98 	4.08 	4.05 	3.82 	3.75 	3.84 	3.80 	3.94 	4.07 	4.02 	3.94 	3.88 	3.62 	3.44 	3.28 	3.30 	3.40 	3.19 	3.05 	3.21 	3.18 	3.16 	3.33 	3.51 	3.72 	3.57 	3.60 	3.68 	3.89 	4.01 	4.14 	4.21 	4.37 	4.48 	4.25 	4.10 	3.92 	4.11 	4.16 	4.33 	4.39 	4.26 	4.20 	4.18 	4.01 	3.70 	3.91 	4.23 	4.09 	4.05 	4.26 	4.45 	4.66 	4.68 	4.61 	4.81 	5.10 	5.26 	5.40 	5.32 	5.33 	5.10 	5.05 	4.98 	4.69 	4.83 	5.06 	5.06 	5.27 	5.26 	5.29 	5.10 	4.94 	5.02 	5.02 	5.14 	5.40 	5.45 	5.49 	5.43 	5.48 	5.39 	5.59 	5.46 	5.50 	5.72 	5.75 	5.37 	5.27 	5.56 	5.32 	5.15 	4.92 	4.58 	4.24 	4.07 	4.26 	4.04 	3.91 	4.06 	4.41 	4.45 	4.45 	4.68 	4.86 	4.95 	5.08 	5.01 	5.04 	5.16 	5.30 	5.58 	5.79 	5.75 	5.83 	5.90 	5.86 	6.09 	6.16 	6.36 	6.12 	5.91 	6.14 	6.34 	6.47 	6.51 	6.92 	7.16 	7.07 	7.21 	7.36 	7.47 	7.71 	7.67 	7.03 	7.38 	7.52 	7.95 	7.98 	8.34 	8.74 	8.70 	8.84 	9.42 	10.18 	10.22 	10.24 	10.21 	10.23 	10.08 	10.53 	10.59 	9.89 	9.53 	8.52 	8.29 	7.45 	6.58 	6.54 	7.03 	7.39 	7.67 	7.99 	7.87 	8.60 	9.06 	9.46 	9.77 	9.87 	10.27 	10.92 	10.99 	12.04 	12.03 	13.53 	12.92 	12.11 	12.19 	11.82 	11.86 	11.25 	11.18 	11.76 	12.06 	11.35 	10.80 	11.01 	11.06 	11.15 	11.04 	11.31 	12.19 	12.50 	12.63 	13.02 	13.35 	13.74 	13.70 	13.49 	13.40 	13.40 	13.41 	13.10 	13.44 	13.16 	12.68 	12.68 	12.91 	12.57 	12.37 	12.20 	11.91 	12.09 	12.34 	11.82 	11.77 	11.75 	11.74 	11.60 	11.55 	11.59 	10.63 	10.63 	10.72 	10.56 	10.29 	10.34 	9.96 	10.02 	9.92 	10.48 	10.35 	10.46 	: 	: 	: 	: 	: 	: 	: 	: 	: 	: 	: 	: 	: 	: 	: 	: 	: 	: 	: 	: 	: 	: 	: 	: 	: 	: 	: 	: 	: 	: 	: 	: 	: 	: 	: 	: 	: 	: 	: 	: 	: 	: 	: 	: 	: 	: 	: 	: 	: 	: 	: 	: 	: 	: 	: 	: 	: 	: 	: 	: 	: 	: 	: 	: 	: 	: 	: 	: 	: 	: 	: 	: 	: 	: 	: 	: 	: 	: 	: 	: 	: 	: 	: 	: 	: 	: 	: 	: 	: 	: 	: 	: 	: 	: 	: 	: 	: 	: 	: 	: 	: 	: 	: 	: 	: 	: 	: 	: 	: 	: 	: 	: 	: 	: 	: 	: 	: 	: 	: 	: 	: 	: 	: 	: 	: 	: 	: 	: 	: 	: 	: 	: 	: 	: 	: 	: 	: 	: 	: 	: 	: 	: 	: 	: 	: 	: 	: 	: 	: 	: 	: 	: 	: 	: 	: 	: 	: 	: 	: 	: 	: 	: 	: 	: 	: 	: 	: 	: 	: 	: 	: 	: 	: 	: 	: 	: 	: 	: 
MAT_Y10,FR	: 	: 	: 	: 	: 	: 	: 	: 	: 	: 	: 	: 	: 	: 	: 	: 	: 	: 	: 	: 	: 	: 	: 	: 	: 	: 	: 	: 	: 	: 	: 	: 	: 	: 	: 	: 	: 	: 	: 	: 	: 	: 	: 	: 	: 	: 	: 	: 	: 	: 	: 	: 	: 	: 	: 	: 	: 	: 	: 	: 	: 	: 	: 	: 	: 	: 	: 	4.21 	4.00 	4.10 	4.07 	3.81 	3.74 	3.81 	3.77 	3.90 	4.03 	4.01 	4.00 	3.96 	3.69 	3.51 	3.34 	3.38 	3.50 	3.29 	3.13 	3.30 	3.27 	3.20 	3.38 	3.54 	3.75 	3.60 	3.58 	3.64 	3.86 	3.98 	4.09 	4.11 	4.27 	4.39 	4.34 	4.18 	3.98 	4.14 	4.20 	4.34 	4.41 	4.28 	4.23 	4.16 	4.01 	3.69 	3.89 	4.22 	4.10 	4.01 	4.22 	4.38 	4.53 	4.55 	4.46 	4.67 	4.96 	5.11 	5.26 	5.24 	5.24 	4.99 	4.93 	4.87 	4.57 	4.72 	4.94 	4.95 	5.15 	5.15 	5.21 	5.00 	4.84 	4.93 	4.94 	5.04 	5.29 	5.36 	5.42 	5.36 	5.40 	5.32 	5.50 	5.33 	5.43 	5.62 	5.66 	5.27 	5.15 	5.43 	5.19 	5.01 	4.81 	4.47 	4.16 	3.98 	4.13 	3.93 	3.77 	3.91 	4.18 	4.17 	4.20 	4.52 	4.78 	4.86 	5.01 	4.96 	4.95 	5.03 	5.11 	5.32 	5.57 	5.59 	5.52 	5.58 	5.47 	5.65 	5.69 	5.80 	5.65 	5.46 	5.68 	5.74 	5.83 	5.97 	6.23 	6.34 	6.44 	6.55 	6.46 	6.50 	6.64 	6.59 	6.44 	6.75 	7.03 	7.48 	7.35 	7.33 	7.43 	7.45 	7.52 	7.82 	8.02 	8.01 	8.23 	8.02 	8.14 	8.19 	8.10 	7.61 	7.40 	7.49 	6.97 	6.69 	6.37 	5.94 	5.67 	5.80 	6.04 	5.96 	6.13 	6.31 	6.76 	6.95 	7.18 	7.15 	7.33 	7.77 	7.92 	8.20 	8.13 	8.43 	8.74 	9.04 	8.91 	8.74 	8.57 	8.70 	8.64 	8.50 	8.45 	8.80 	8.83 	8.80 	8.88 	9.09 	9.16 	9.12 	8.87 	8.89 	9.06 	9.14 	9.80 	9.92 	10.20 	10.38 	10.48 	10.12 	9.59 	9.72 	9.57 	9.62 	10.01 	10.03 	9.55 	9.12 	9.06 	8.82 	8.56 	8.38 	8.58 	8.69 	8.80 	8.84 	9.10 	9.03 	8.58 	8.70 	8.75 	8.77 	9.01 	9.21 	8.94 	8.94 	9.25 	9.20 	9.28 	9.13 	9.83 	10.00 	10.02 	10.75 	10.23 	9.81 	9.37 	9.29 	8.88 	8.63 	8.69 	9.21 	8.86 	8.70 	8.63 	8.39 	7.88 	7.76 	7.94 	8.27 	7.88 	8.04 	8.92 	9.94 	10.18 	10.63 	10.71 	10.96 	11.17 	11.06 	10.99 	11.14 	11.04 	11.23 	11.56 	11.61 	11.38 	11.79 	11.70 	10.86 	12.01 	12.48 	12.93 	13.12 	12.96 	12.85 	13.11 	13.05 	13.01 	13.32 	13.41 	13.42 	13.40 	13.21 	13.13 	13.67 	13.73 	13.72 	13.72 	14.16 	14.15 	14.72 	15.14 	15.18 	15.61 	15.30 	15.71 	15.88 	15.83 	16.08 	16.12 	16.15 	16.07 	16.14 	16.40 	16.68 	17.05 	16.90 	16.62 	16.69 	16.86 	14.30 	14.26 	14.36 	13.88 	13.69 	13.71 	13.73 	13.26 	12.84 	12.89 	12.93 	12.91 	13.02 	13.47 	13.40 	11.68 	: 	: 	: 	: 	: 	: 	: 	: 	: 	: 	: 	: 	: 	: 	: 	: 	: 	: 	: 	: 	: 	: 	: 	: 	: 	: 	: 	: 	: 	: 	: 	: 	: 	: 	: 	: 	: 	: 	: 	: 	: 	: 	: 	: 	: 	: 	: 	: 	: 	: 	: 	: 	: 	: 	: 	: 	: 	: 	: 	: 	: 	: 	: 	: 	: 	: 	: 	: 	: 	: 	: 	: 	: 	: 	: 	: 	: 	: 	: 	: 	: 	: 	: 	: 
MAT_Y10,HU	6.87 	6.94 	7.28 	7.36 	7.56 	8.30 	8.33 	8.77 	8.73 	8.60 	9.51 	8.97 	8.53 	7.88 	7.64 	7.49 	7.35 	7.22 	7.11 	7.05 	7.29 	7.39 	7.70 	7.92 	7.38 	6.87 	7.04 	7.07 	7.39 	7.60 	7.07 	6.57 	7.16 	7.69 	7.62 	7.69 	7.37 	7.45 	7.91 	8.40 	8.81 	10.15 	10.01 	10.63 	11.65 	10.65 	8.76 	8.31 	9.41 	9.57 	7.99 	7.77 	8.11 	8.50 	8.08 	8.02 	8.41 	7.58 	7.11 	6.93 	6.74 	6.61 	6.67 	6.80 	6.58 	6.71 	6.53 	6.65 	6.79 	6.96 	6.96 	6.81 	7.01 	7.47 	7.58 	7.49 	7.55 	7.26 	6.85 	7.00 	7.00 	6.71 	6.66 	6.89 	6.81 	6.49 	5.64 	5.85 	6.13 	6.59 	7.00 	6.91 	6.83 	6.84 	7.21 	7.17 	7.64 	8.23 	8.58 	8.44 	8.47 	8.55 	8.25 	7.89 	8.04 	8.65 	8.36 	8.24 	7.82 	7.08 	7.06 	7.11 	6.86 	6.33 	5.97 	6.33 	6.41 	6.34 	6.33 	6.50 	6.76 	7.21 	7.38 	7.47 	7.68 	7.56 	7.11 	6.82 	6.95 	6.82 	6.77 	7.07 	7.38 	7.98 	7.94 	7.76 	7.77 	7.80 	8.07 	8.61 	8.57 	8.34 	8.05 	8.69 	9.07 	8.97 	8.22 	8.13 	8.29 	8.57 	8.73 	8.38 	8.05 	8.53 	8.97 	9.17 	9.68 	10.45 	10.83 	10.34 	10.09 	10.01 	9.72 	9.73 	9.72 	9.27 	: z	: z	: z	: z	: z	: z	: z	: z	: z	: z	: z	: z	: z	: z	: z	: z	: z	: z	: z	: z	: z	: z	: z	: z	: z	: z	: z	: z	: z	: z	: z	: z	: z	: z	: z	: z	: z	: z	: z	: z	: z	: z	: z	: z	: z	: z	: z	: z	: z	: 	: 	: 	: 	: 	: 	: 	: 	: 	: 	: 	: 	: 	: 	: 	: 	: 	: 	: 	: 	: 	: 	: 	: 	: 	: 	: 	: 	: 	: 	: 	: 	: 	: 	: 	: 	: 	: 	: 	: 	: 	: 	: 	: 	: 	: 	: 	: 	: 	: 	: 	: 	: 	: 	: 	: 	: 	: 	: 	: 	: 	: 	: 	: 	: 	: 	: 	: 	: 	: 	: 	: 	: 	: 	: 	: 	: 	: 	: 	: 	: 	: 	: 	: 	: 	: 	: 	: 	: 	: 	: 	: 	: 	: 	: 	: 	: 	: 	: 	: 	: 	: 	: 	: 	: 	: 	: 	: 	: 	: 	: 	: 	: 	: 	: 	: 	: 	: 	: 	: 	: 	: 	: 	: 	: 	: 	: 	: 	: 	: 	: 	: 	: 	: 	: 	: 	: 	: 	: 	: 	: 	: 	: 	: 	: 	: 	: 	: 	: 	: 	: 	: 	: 	: 	: 	: 	: 	: 	: 	: 	: 	: 	: 	: 	: 	: 	: 	: 	: 	: 	: 	: 	: 	: 	: 	: 	: 	: 	: 	: 	: 	: 	: 	: 	: 	: 	: 	: 	: 	: 	: 	: 	: 	: 	: 	: 	: 	: 	: 	: 	: 	: 	: 	: 	: 	: 	: 	: 	: 	: 	: 	: 	: 	: 	: 	: 	: 	: 	: 	: 	: 	: 	: 	: 	: 	: 	: 	: 	: 	: 	: 	: 	: 	: 	: 	: 	: 	: 	: 	: 	: 	: 	: 	: 	: 	: 	: 	: 	: 	: 	: 	: 	: 	: 	: 	: 	: 	: 	: 	: 	: 	: 	: 	: 
MAT_Y10,IE	: 	: 	: 	: 	: 	: 	: 	: 	: 	: 	: 	: 	: 	: 	: 	: 	: 	: 	: 	: 	: 	: 	: 	: 	: 	: 	: 	: 	: 	: 	: 	: 	: 	: 	: 	: 	: 	: 	: 	: 	: 	: 	: 	: 	: 	: 	: 	: 	: 	: 	: 	: 	: 	: 	: 	: 	: 	: 	: 	: 	: 	: 	: 	: 	: 	: 	: 	4.19 	3.97 	4.07 	4.04 	3.76 	3.72 	3.78 	3.76 	3.88 	3.76 	3.98 	3.96 	3.90 	3.65 	3.47 	3.32 	3.36 	3.40 	3.19 	3.04 	3.22 	3.18 	3.13 	3.28 	3.46 	3.66 	3.51 	3.52 	3.62 	3.80 	3.92 	4.04 	4.09 	4.27 	4.38 	4.31 	4.17 	3.97 	4.15 	4.20 	4.36 	4.39 	4.25 	4.19 	4.17 	4.01 	3.69 	3.89 	4.22 	4.09 	4.06 	4.27 	4.46 	4.67 	4.70 	4.63 	4.84 	5.11 	5.25 	5.41 	5.41 	5.42 	5.20 	5.02 	4.93 	4.63 	4.77 	5.01 	5.01 	5.23 	5.23 	5.28 	5.09 	4.92 	5.01 	5.03 	5.14 	5.40 	5.46 	5.52 	5.47 	5.52 	5.43 	5.61 	5.46 	5.58 	5.76 	5.80 	5.39 	5.31 	5.57 	5.34 	5.16 	4.94 	4.59 	4.18 	3.95 	4.19 	4.02 	3.89 	4.02 	4.32 	4.35 	4.38 	4.68 	4.93 	5.03 	5.14 	5.05 	5.08 	5.23 	5.35 	5.61 	5.98 	5.99 	6.10 	6.33 	6.26 	6.49 	6.54 	6.69 	6.62 	6.32 	6.59 	6.61 	6.68 	6.78 	7.21 	7.43 	7.49 	7.62 	7.50 	7.61 	7.82 	7.49 	7.23 	7.38 	7.63 	7.99 	7.96 	8.15 	8.39 	8.26 	8.34 	8.70 	8.80 	8.67 	8.79 	8.57 	8.51 	8.68 	8.82 	8.43 	8.34 	8.50 	7.96 	7.57 	7.07 	6.45 	6.15 	6.38 	6.57 	6.71 	7.01 	7.11 	7.32 	7.61 	7.83 	8.11 	8.62 	9.26 	9.88 	9.63 	9.64 	9.63 	9.16 	9.09 	8.92 	8.86 	8.78 	8.82 	8.74 	8.79 	8.78 	9.06 	9.09 	9.16 	9.22 	9.30 	9.38 	9.12 	9.08 	9.07 	9.11 	9.22 	9.72 	9.75 	10.06 	10.29 	10.46 	10.20 	9.52 	9.92 	10.08 	10.31 	10.77 	10.27 	9.37 	9.25 	9.21 	8.98 	8.87 	8.66 	8.78 	9.06 	9.28 	8.88 	8.78 	8.89 	8.59 	8.24 	8.47 	8.40 	8.98 	9.13 	: 	: 	: 	: 	: 	: 	: 	: 	: 	: 	: 	: 	: 	: 	: 	: 	: 	: 	: 	: 	: 	: 	: 	: 	: 	: 	: 	: 	: 	: 	: 	: 	: 	: 	: 	: 	: 	: 	: 	: 	: 	: 	: 	: 	: 	: 	: 	: 	: 	: 	: 	: 	: 	: 	: 	: 	: 	: 	: 	: 	: 	: 	: 	: 	: 	: 	: 	: 	: 	: 	: 	: 	: 	: 	: 	: 	: 	: 	: 	: 	: 	: 	: 	: 	: 	: 	: 	: 	: 	: 	: 	: 	: 	: 	: 	: 	: 	: 	: 	: 	: 	: 	: 	: 	: 	: 	: 	: 	: 	: 	: 	: 	: 	: 	: 	: 	: 	: 	: 	: 	: 	: 	: 	: 	: 	: 	: 	: 	: 	: 	: 	: 	: 	: 	: 	: 	: 	: 	: 	: 	: 	: 	: 	: 	: 	: 	: 	: 	: 	: 	: 	: 	: 	: 	: 	: 	: 	: 	: 	: 	: 	: 	: 	: 	: 	: 	: 	: 	: 	: 	: 	: 	: 	: 	: 	: 	: 	: 	: 	: 	: 	: 	: 	: 	: 	: 	: 
MAT_Y10,IT	: 	: 	: 	: 	: 	: 	: 	: 	: 	: 	: 	: 	: 	: 	: 	: 	: 	: 	: 	: 	: 	: 	: 	: 	: 	: 	: 	: 	: 	: 	: 	: 	: 	: 	: 	: 	: 	: 	: 	: 	: 	: 	: 	: 	: 	: 	: 	: 	: 	: 	: 	: 	: 	: 	: 	: 	: 	: 	: 	: 	: 	: 	: 	: 	: 	: 	: 	4.37 	4.18 	4.28 	4.26 	4.04 	3.97 	4.07 	4.04 	4.17 	4.31 	4.30 	4.28 	4.22 	3.92 	3.70 	3.54 	3.55 	3.66 	3.44 	3.29 	3.45 	3.44 	3.40 	3.55 	3.65 	3.84 	3.68 	3.71 	3.79 	4.00 	4.13 	4.25 	4.28 	4.44 	4.54 	4.49 	4.35 	4.17 	4.34 	4.32 	4.46 	4.51 	4.38 	4.31 	4.29 	4.13 	3.82 	4.04 	4.31 	4.18 	4.16 	4.38 	4.55 	4.74 	4.76 	4.62 	4.83 	5.11 	5.26 	5.41 	5.40 	5.41 	5.20 	5.14 	5.05 	4.80 	4.96 	5.20 	5.22 	5.42 	5.40 	5.45 	5.28 	5.13 	5.18 	5.18 	5.30 	5.55 	5.58 	5.63 	5.56 	5.59 	5.51 	5.66 	5.47 	5.58 	5.73 	5.75 	5.36 	5.25 	5.52 	5.28 	5.13 	4.94 	4.62 	4.28 	4.11 	4.27 	4.05 	3.92 	4.00 	4.38 	4.49 	4.53 	4.79 	4.97 	5.08 	5.21 	5.15 	5.20 	5.38 	5.43 	5.74 	6.13 	6.20 	6.36 	6.66 	6.52 	7.07 	7.32 	7.74 	7.87 	7.36 	7.38 	7.56 	7.69 	8.23 	9.17 	9.48 	9.43 	9.57 	9.70 	10.34 	10.69 	10.52 	10.43 	11.17 	11.63 	11.96 	11.54 	11.66 	12.21 	12.38 	12.30 	13.40 	13.45 	12.39 	12.37 	12.20 	12.02 	12.07 	11.94 	11.46 	10.77 	10.48 	9.37 	9.05 	9.44 	8.77 	8.67 	8.93 	9.33 	9.02 	9.47 	9.76 	11.10 	11.67 	12.46 	13.11 	12.90 	13.06 	13.43 	13.66 	13.47 	14.42 	14.11 	13.68 	13.63 	13.10 	12.58 	12.69 	12.58 	12.61 	12.68 	12.95 	12.91 	12.79 	13.02 	13.45 	13.34 	13.09 	13.06 	13.43 	13.77 	13.78 	13.80 	13.69 	13.40 	13.27 	13.28 	13.47 	12.91 	12.96 	13.62 	13.86 	14.08 	14.02 	13.87 	13.87 	13.86 	13.49 	13.23 	12.92 	12.90 	12.63 	12.62 	12.48 	12.36 	11.70 	11.37 	11.31 	10.98 	11.04 	11.24 	11.11 	10.97 	10.83 	10.85 	10.72 	10.58 	10.57 	10.55 	10.75 	11.49 	11.63 	11.30 	11.30 	10.90 	10.41 	10.20 	10.07 	10.03 	9.84 	9.78 	10.05 	10.33 	10.26 	10.43 	10.81 	11.06 	10.85 	10.89 	12.28 	13.37 	13.83 	13.46 	13.67 	13.72 	13.75 	13.76 	14.09 	14.12 	13.91 	13.89 	13.57 	13.51 	13.29 	13.27 	14.53 	15.25 	15.35 	15.64 	15.28 	15.18 	15.54 	15.75 	15.74 	15.68 	16.33 	16.92 	17.69 	17.78 	17.64 	17.79 	18.11 	18.42 	18.39 	18.29 	18.21 	18.76 	19.18 	19.33 	19.62 	19.84 	19.31 	19.15 	20.12 	20.85 	20.90 	20.82 	20.22 	20.08 	20.73 	20.94 	21.34 	21.44 	20.85 	21.05 	20.66 	20.43 	19.67 	18.74 	18.36 	17.10 	16.45 	16.20 	16.17 	16.14 	16.08 	15.69 	15.60 	15.44 	15.18 	15.02 	14.92 	14.74 	14.09 	13.96 	: 	: 	: 	: 	: 	: 	: 	: 	: 	: 	: 	: 	: 	: 	: 	: 	: 	: 	: 	: 	: 	: 	: 	: 	: 	: 	: 	: 	: 	: 	: 	: 	: 	: 	: 	: 	: 	: 	: 	: 	: 	: 	: 	: 	: 	: 	: 	: 	: 	: 	: 	: 	: 	: 	: 	: 	: 	: 	: 	: 	: 	: 	: 	: 	: 	: 	: 	: 	: 	: 	: 	: 	: 	: 	: 	: 	: 	: 	: 	: 	: 	: 	: 	: 
MAT_Y10,JP	: 	: 	: 	: 	: 	0.84 	0.86 	0.96 	1.01 	0.97 	0.98 	1.01 	0.99 	1.01 	1.01 	1.03 	1.12 	1.13 	1.14 	1.27 	1.25 	1.29 	1.21 	1.19 	1.05 	0.89 	1.07 	0.99 	1.11 	1.21 	1.28 	1.36 	1.35 	1.34 	1.34 	1.27 	1.36 	1.33 	1.32 	1.38 	1.35 	1.47 	1.45 	1.44 	1.31 	1.29 	1.25 	1.31 	1.47 	1.51 	1.49 	1.46 	1.61 	1.75 	1.67 	1.42 	1.30 	1.45 	1.44 	1.53 	1.51 	1.66 	1.61 	1.65 	1.89 	1.89 	1.67 	1.67 	1.62 	1.71 	1.71 	1.64 	1.70 	1.76 	1.68 	1.81 	1.91 	1.87 	1.91 	1.91 	1.70 	1.57 	1.47 	1.54 	1.52 	1.54 	1.38 	1.42 	1.26 	1.24 	1.27 	1.32 	1.45 	1.40 	1.37 	1.40 	1.46 	1.49 	1.50 	1.63 	1.79 	1.77 	1.49 	1.51 	1.35 	1.25 	1.33 	1.35 	1.38 	1.40 	1.45 	1.15 	0.99 	0.56 	0.57 	0.66 	0.74 	0.83 	0.84 	0.97 	0.99 	1.09 	1.16 	1.26 	1.30 	1.36 	1.38 	1.39 	1.45 	1.52 	1.42 	1.35 	1.33 	1.36 	1.40 	1.36 	1.33 	1.19 	1.28 	1.36 	1.19 	1.43 	1.54 	1.62 	1.75 	1.83 	1.88 	1.77 	1.72 	1.69 	1.71 	1.75 	1.81 	1.83 	1.71 	1.73 	1.81 	1.79 	1.75 	1.89 	1.69 	1.68 	1.36 	1.55 	1.72 	2.11 	2.07 	1.39 	0.89 	0.85 	0.88 	1.45 	1.36 	1.48 	1.30 	1.57 	1.81 	1.71 	1.69 	1.65 	2.01 	1.87 	2.09 	2.30 	2.27 	2.63 	2.54 	2.19 	2.33 	2.41 	2.45 	2.45 	2.61 	2.75 	2.92 	3.18 	3.33 	3.24 	3.33 	3.28 	3.23 	3.11 	3.00 	2.73 	2.75 	2.76 	2.84 	3.14 	2.77 	2.82 	3.21 	3.43 	4.02 	4.62 	4.74 	4.64 	4.77 	4.77 	4.62 	4.69 	4.40 	4.31 	3.85 	4.01 	4.07 	3.52 	3.25 	3.20 	3.50 	3.70 	4.00 	4.20 	4.30 	4.50 	4.60 	4.30 	4.10 	4.20 	4.50 	4.64 	4.70 	4.86 	4.93 	4.92 	5.18 	5.50 	5.62 	5.65 	5.45 	5.47 	5.36 	5.70 	5.98 	5.97 	6.24 	6.58 	6.83 	6.91 	6.75 	6.80 	6.72 	6.54 	6.96 	7.27 	7.81 	8.14 	8.61 	8.18 	7.46 	7.20 	7.22 	7.46 	7.35 	6.91 	6.56 b	5.87 	5.65 	5.49 	5.12 	4.97 	4.92 	5.16 	5.02 	4.80 	4.75 	4.64 	4.26 	4.16 	4.15 	4.26 	4.64 	4.83 	4.50 	4.47 	4.23 	3.90 	3.96 	4.08 	4.11 	4.28 	4.49 	4.66 	5.48 	4.55 	4.44 	3.91 	3.38 	3.42 	3.72 	3.96 	4.25 	4.61 	4.73 	4.85 	5.00 	4.73 	4.95 	4.98 	5.14 	4.66 	4.71 	5.16 	5.81 	5.82 	6.44 	6.73 	5.89 	6.12 	6.25 	6.26 	6.37 	6.54 	6.60 	6.79 	6.28 	6.30 	6.36 	6.60 	6.79 	6.90 	7.15 	7.12 	7.27 	6.68 	6.63 	6.92 	6.94 	6.94 	7.09 	7.22 	7.28 	7.54 	7.59 	7.49 	7.61 	7.46 	7.56 	7.52 	7.70 	7.50 	8.13 	8.45 	8.41 	8.39 	8.34 	8.53 	8.04 	7.60 	7.58 	7.85 	7.86 	7.93 	8.21 	8.79 	9.02 	9.15 	8.93 	8.78 	8.81 	8.41 	8.29 	8.79 	8.81 	9.41 	8.52 	8.99 	9.21 	9.09 	8.88 	8.61 	8.75 	10.30 	10.00 	9.32 	8.50 	: 	: 	: 	: 	: 	: 	: 	: 	: 	: 	: 	: 	: 	: 	: 	: 	: 	: 	: 	: 	: 	: 	: 	: 	: 	: 	: 	: 	: 	: 	: 	: 	: 	: 	: 	: 	: 	: 	: 	: 	: 	: 	: 	: 	: 	: 	: 	: 	: 	: 	: 	: 	: 	: 	: 	: 	: 	: 	: 	: 	9.60 	9.59 	9.41 	9.53 	9.33 	9.07 	9.18 	9.12 	9.16 	9.20 	8.94 	9.00 	8.78 	7.71 	7.61 	7.52 	7.43 	7.24 	7.09 	7.08 	7.04 	6.64 	6.58 	6.43 
MAT_Y10,LT	4.06 	4.30 	4.53 	4.80 	4.98 	: z	: z	: z	: z	: z	: z	: z	: z	: z	: z	: z	: z	: z	: z	: z	: z	: z	: z	: z	: z	: z	: z	: z	: z	: z	: z	: z	: z	: z	: z	: z	: z	: z	: z	: z	: z	: z	: z	: z	: z	: z	: z	: z	: z	: 	: 	: 	: 	: 	: 	: 	: 	: 	: 	: 	: 	: z	: z	4.72 	4.81 	4.84 	4.55 	4.36 	4.18 	: z	: z	: z	: z	: z	: z	: z	: z	4.28 	4.37 	: z	3.82 	: z	3.53 	: z	3.78 	: z	: z	: z	3.50 	: z	3.78 	3.89 	: z	3.73 	: z	3.85 	: z	4.25 	: z	4.56 	: z	4.58 	4.44 	: z	4.55 	: z	4.81 	: z	: z	4.81 	4.81 	5.04 	5.04 	: z	5.50 	: z	5.65 	: z	5.67 	: z	5.87 	: z	5.87 	: z	: z	6.00 	: z	: z	6.15 	: z	: z	: z	: z	: z	: z	: z	: z	: z	: z	: z	: z	: z	: z	: z	: z	: z	: z	: z	: z	: z	: z	: z	: z	: z	: z	: z	: z	: z	: z	: z	: z	: z	: z	: z	: z	: z	: z	: z	: z	: z	: z	: z	: z	: z	: z	: z	: z	: z	: z	: z	: z	: z	: z	: z	: z	: z	: z	: z	: z	: z	: z	: z	: z	: z	: z	: z	: z	: z	: z	: z	: z	: z	: z	: z	: z	: z	: z	: z	: z	: z	: z	: z	: z	: z	: z	: 	: 	: 	: 	: 	: 	: 	: 	: 	: 	: 	: 	: 	: 	: 	: 	: 	: 	: 	: 	: 	: 	: 	: 	: 	: 	: 	: 	: 	: 	: 	: 	: 	: 	: 	: 	: 	: 	: 	: 	: 	: 	: 	: 	: 	: 	: 	: 	: 	: 	: 	: 	: 	: 	: 	: 	: 	: 	: 	: 	: 	: 	: 	: 	: 	: 	: 	: 	: 	: 	: 	: 	: 	: 	: 	: 	: 	: 	: 	: 	: 	: 	: 	: 	: 	: 	: 	: 	: 	: 	: 	: 	: 	: 	: 	: 	: 	: 	: 	: 	: 	: 	: 	: 	: 	: 	: 	: 	: 	: 	: 	: 	: 	: 	: 	: 	: 	: 	: 	: 	: 	: 	: 	: 	: 	: 	: 	: 	: 	: 	: 	: 	: 	: 	: 	: 	: 	: 	: 	: 	: 	: 	: 	: 	: 	: 	: 	: 	: 	: 	: 	: 	: 	: 	: 	: 	: 	: 	: 	: 	: 	: 	: 	: 	: 	: 	: 	: 	: 	: 	: 	: 	: 	: 	: 	: 	: 	: 	: 	: 	: 	: 	: 	: 	: 	: 	: 	: 	: 	: 	: 	: 	: 	: 	: 	: 	: 	: 	: 	: 	: 	: 	: 	: 	: 	: 	: 	: 	: 	: 	: 	: 	: 	: 	: 	: 	: 	: 	: 	: 	: 	: 	: 	: 	: 	: 	: 	: 	: 	: 	: 	: 	: 	: 	: 	: 	: 	: 	: 	: 	: 	: 	: 	: 	: 	: 	: 	: 	: 	: 	: 	: 	: 	: 	: 	: 	: 	: 	: 	: 	: 	: 	: 	: 
MAT_Y10,LV	: z	: z	: z	4.10 	: z	: z	: z	: z	: z	: z	: z	6.00 	: z	: z	: z	: z	: z	: z	: z	: z	: z	: z	: z	: z	: z	: z	: z	: z	6.85 	: z	: z	: z	: z	: z	: z	: z	: z	15.50 	: z	: z	: z	: z	: z	: z	: z	: z	: z	10.50 	7.50 	7.37 	6.05 	6.13 	6.18 	6.08 	5.78 	: z	5.87 	6.25 	6.10 	5.84 	5.81 	5.82 	5.71 	5.68 	5.61 	5.70 	5.88 	5.74 	5.39 	5.25 	5.07 	5.07 	4.90 	5.00 	4.38 	4.38 	4.17 	4.17 	3.57 	3.57 	3.57 	3.57 	3.57 	3.57 	3.48 	3.25 	3.25 	3.25 	3.25 	3.49 	3.49 	3.49 	3.84 	4.02 	4.02 	4.44 	4.53 	4.63 	4.88 	4.89 	4.90 	4.94 	4.96 	4.89 	4.99 	5.05 	5.06 	5.07 	5.01 	4.98 	4.96 	4.80 	4.78 	4.89 	4.95 	4.99 	4.99 	4.99 	: 	: 	: 	: 	: 	: 	: 	: 	: 	: 	: 	: 	: 	: 	: 	: 	: 	: 	: 	: 	: 	: 	: 	: 	: 	: 	: 	: 	: 	: 	: 	: 	: 	: 	: 	: 	: 	: 	: 	: 	: 	: 	: 	: 	: 	: 	: 	: 	: 	: 	: 	: 	: 	: 	: 	: 	: 	: 	: 	: 	: 	: 	: 	: 	: 	: 	: 	: 	: 	: 	: 	: 	: 	: 	: 	: 	: 	: 	: 	: 	: 	: 	: 	: 	: 	: 	: 	: 	: 	: 	: 	: 	: 	: 	: 	: 	: 	: 	: 	: 	: 	: 	: 	: 	: 	: 	: 	: 	: 	: 	: 	: 	: 	: 	: 	: 	: 	: 	: 	: 	: 	: 	: 	: 	: 	: 	: 	: 	: 	: 	: 	: 	: 	: 	: 	: 	: 	: 	: 	: 	: 	: 	: 	: 	: 	: 	: 	: 	: 	: 	: 	: 	: 	: 	: 	: 	: 	: 	: 	: 	: 	: 	: 	: 	: 	: 	: 	: 	: 	: 	: 	: 	: 	: 	: 	: 	: 	: 	: 	: 	: 	: 	: 	: 	: 	: 	: 	: 	: 	: 	: 	: 	: 	: 	: 	: 	: 	: 	: 	: 	: 	: 	: 	: 	: 	: 	: 	: 	: 	: 	: 	: 	: 	: 	: 	: 	: 	: 	: 	: 	: 	: 	: 	: 	: 	: 	: 	: 	: 	: 	: 	: 	: 	: 	: 	: 	: 	: 	: 	: 	: 	: 	: 	: 	: 	: 	: 	: 	: 	: 	: 	: 	: 	: 	: 	: 	: 	: 	: 	: 	: 	: 	: 	: 	: 	: 	: 	: 	: 	: 	: 	: 	: 	: 	: 	: 	: 	: 	: 	: 	: 	: 	: 	: 	: 	: 	: 	: 	: 	: 	: 	: 	: 	: 	: 	: 	: 	: 	: 	: 	: 	: 	: 	: 	: 	: 	: 	: 	: 	: 	: 	: 	: 	: 	: 	: 	: 	: 	: 	: 	: 	: 	: 	: 	: 	: 	: 	: 	: 	: 	: 	: 	: 	: 	: 	: 	: 	: 	: 	: 	: 	: 	: 	: 	: 	: 	: 	: 	: 	: 	: 	: 	: 	: 	: 	: 	: 	: 	: 	: 	: 
MAT_Y10,MT	: 	: 	: 	: 	: 	: 	: 	: 	: 	: 	: 	: 	: 	: 	: 	: 	: 	: 	: 	: 	: 	: 	: 	: 	: 	: 	: 	: 	: 	: 	: 	: 	: 	: 	: 	: 	: 	: 	: 	: 	: 	: 	: 	: 	: 	: 	: 	: 	: 	: 	: 	: 	: 	: 	: 	: 	4.49 	4.60 	4.67 	4.85 	4.69 	4.92 	4.85 	4.94 	5.18 	5.12 	4.61 	4.44 	4.38 	4.38 	4.34 	4.33 	4.34 	4.34 	4.33 	4.33 	4.30 	4.25 	4.24 	4.21 	4.35 	4.38 	4.39 	4.40 	4.41 	4.42 	4.43 	4.44 	4.57 	4.55 	4.68 	4.73 	4.73 	4.73 	4.74 	4.71 	4.71 	4.72 	4.68 	4.68 	4.64 	4.64 	4.64 	4.65 	4.70 	4.71 	4.68 	4.69 	4.62 	4.62 	4.67 	4.71 	4.89 	5.04 	5.07 	5.19 	5.34 	5.45 	5.48 	5.44 	5.46 	5.47 	5.66 	5.65 	5.69 	5.76 	5.78 	5.81 	5.96 	6.07 	6.11 	6.15 	6.19 	6.21 	6.21 	6.21 	6.08 	6.08 	6.09 	6.09 	6.01 	6.01 	6.01 	6.01 	6.01 	6.01 	5.98 	5.73 	5.73 	5.73 	5.69 	5.61 	5.48 	5.47 	5.52 	: 	: 	: 	: 	: 	: 	: 	: 	: 	: 	: 	: 	: 	: 	: 	: 	: 	: 	: 	: 	: 	: 	: 	: 	: 	: 	: 	: 	: 	: 	: 	: 	: 	: 	: 	: 	: 	: 	: 	: 	: 	: 	: 	: 	: 	: 	: 	: 	: 	: 	: 	: 	: 	: 	: 	: 	: 	: 	: 	: 	: 	: 	: 	: 	: 	: 	: 	: 	: 	: 	: 	: 	: 	: 	: 	: 	: 	: 	: 	: 	: 	: 	: 	: 	: 	: 	: 	: 	: 	: 	: 	: 	: 	: 	: 	: 	: 	: 	: 	: 	: 	: 	: 	: 	: 	: 	: 	: 	: 	: 	: 	: 	: 	: 	: 	: 	: 	: 	: 	: 	: 	: 	: 	: 	: 	: 	: 	: 	: 	: 	: 	: 	: 	: 	: 	: 	: 	: 	: 	: 	: 	: 	: 	: 	: 	: 	: 	: 	: 	: 	: 	: 	: 	: 	: 	: 	: 	: 	: 	: 	: 	: 	: 	: 	: 	: 	: 	: 	: 	: 	: 	: 	: 	: 	: 	: 	: 	: 	: 	: 	: 	: 	: 	: 	: 	: 	: 	: 	: 	: 	: 	: 	: 	: 	: 	: 	: 	: 	: 	: 	: 	: 	: 	: 	: 	: 	: 	: 	: 	: 	: 	: 	: 	: 	: 	: 	: 	: 	: 	: 	: 	: 	: 	: 	: 	: 	: 	: 	: 	: 	: 	: 	: 	: 	: 	: 	: 	: 	: 	: 	: 	: 	: 	: 	: 	: 	: 	: 	: 	: 	: 	: 	: 	: 	: 	: 	: 	: 	: 	: 	: 	: 	: 	: 	: 	: 	: 	: 	: 	: 	: 	: 	: 	: 	: 	: 	: 	: 	: 	: 	: 	: 	: 	: 	: 	: 	: 	: 	: 	: 	: 	: 	: 	: 	: 	: 	: 	: 	: 	: 	: 	: 	: 	: 	: 	: 	: 	: 	: 	: 	: 	: 	: 	: 	: 	: 	: 	: 	: 	: 	: 	: 	: 	: 
MAT_Y10,NL	: 	: 	: 	: 	: 	: 	: 	: 	: 	: 	: 	: 	: 	: 	: 	: 	: 	: 	: 	: 	: 	: 	: 	: 	: 	: 	: 	: 	: 	: 	: 	: 	: 	: 	: 	: 	: 	: 	: 	: 	: 	: 	: 	: 	: 	: 	: 	: 	: 	: 	: 	: 	: 	: 	: 	: 	: 	: 	: 	: 	: 	: 	: 	: 	: 	: 	: 	4.19 	3.98 	4.07 	4.05 	3.81 	3.75 	3.82 	3.78 	3.90 	3.99 	3.97 	3.96 	3.92 	3.66 	3.48 	3.33 	3.35 	3.48 	3.28 	3.12 	3.28 	3.27 	3.13 	3.30 	3.48 	3.69 	3.55 	3.56 	3.63 	3.84 	3.96 	4.09 	4.15 	4.31 	4.42 	4.37 	4.13 	3.93 	4.12 	4.18 	4.33 	4.41 	4.27 	4.21 	4.18 	4.04 	3.72 	3.91 	4.23 	4.01 	3.97 	4.19 	4.36 	4.56 	4.58 	4.50 	4.71 	4.99 	5.16 	5.30 	5.25 	5.27 	5.02 	4.97 	4.89 	4.62 	4.76 	4.98 	4.98 	5.17 	5.17 	5.22 	5.02 	4.83 	4.92 	4.93 	5.03 	5.30 	5.35 	5.41 	5.36 	5.40 	5.31 	5.50 	5.38 	5.48 	5.66 	5.67 	5.28 	5.18 	5.45 	5.22 	5.03 	4.82 	4.51 	4.19 	4.00 	4.14 	3.93 	3.80 	3.95 	4.18 	4.14 	4.19 	4.53 	4.76 	4.85 	5.00 	4.94 	4.94 	5.01 	5.07 	5.29 	5.54 	5.57 	5.55 	5.60 	5.49 	5.62 	5.69 	5.79 	5.64 	5.47 	5.66 	5.72 	5.76 	5.88 	6.10 	6.24 	6.41 	6.46 	6.35 	6.35 	6.45 	6.21 	5.87 	6.09 	6.35 	6.59 	6.58 	6.74 	6.85 	6.83 	6.92 	7.17 	7.42 	7.54 	7.71 	7.59 	7.54 	7.55 	7.49 	7.12 	6.90 	7.11 	6.75 	6.54 	6.29 	5.86 	5.61 	5.68 	5.81 	5.82 	5.98 	6.18 	6.43 	6.59 	6.67 	6.60 	6.56 	6.87 	7.13 	7.40 	7.51 	7.64 	8.04 	8.36 	8.34 	8.30 	8.32 	8.31 	8.31 	8.29 	8.39 	8.72 	8.75 	8.72 	8.77 	8.84 	8.82 	8.64 	8.59 	8.57 	8.66 	8.64 	9.15 	9.06 	9.13 	9.19 	9.16 	8.99 	8.74 	8.96 	8.95 	8.89 	8.98 	8.78 	8.22 	7.75 	7.72 	7.43 	7.22 	7.04 	7.05 	7.20 	7.38 	7.08 	7.09 	6.97 	6.67 	6.50 	6.35 	6.28 	6.58 	6.72 	6.68 	6.52 	6.47 	6.19 	6.13 	6.20 	6.37 	6.42 	6.41 	7.08 	6.87 	6.60 	6.45 	6.28 	6.06 	6.12 	6.20 	6.18 	6.16 	6.27 	6.22 	6.18 	6.02 	6.01 	6.24 	6.29 	6.33 	6.11 	: 	: 	: 	: 	: 	: 	: 	: 	: 	: 	: 	: 	: 	: 	: 	: 	: 	: 	: 	: 	: 	: 	: 	: 	: 	: 	: 	: 	: 	: 	: 	: 	: 	: 	: 	: 	: 	: 	: 	: 	: 	: 	: 	: 	: 	: 	: 	: 	: 	: 	: 	: 	: 	: 	: 	: 	: 	: 	: 	: 	: 	: 	: 	: 	: 	: 	: 	: 	: 	: 	: 	: 	: 	: 	: 	: 	: 	: 	: 	: 	: 	: 	: 	: 	: 	: 	: 	: 	: 	: 	: 	: 	: 	: 	: 	: 	: 	: 	: 	: 	: 	: 	: 	: 	: 	: 	: 	: 	: 	: 	: 	: 	: 	: 	: 	: 	: 	: 	: 	: 	: 	: 	: 	: 	: 	: 	: 	: 	: 	: 	: 	: 	: 	: 	: 	: 	: 	: 	: 	: 	: 	: 	: 	: 	: 	: 	: 	: 	: 	: 	: 	: 	: 	: 	: 	: 	: 	: 	: 
MAT_Y10,PL	4.28 	4.60 	4.86 	4.89 	5.02 	5.26 	5.42 	5.51 	5.48 	5.55 	5.76 	5.90 	5.87 	5.78 	5.80 	5.72 	5.83 	5.90 	6.08 	6.15 	6.29 	6.28 	6.27 	6.00 	5.83 	5.56 	5.52 	5.63 	5.85 	5.88 	5.74 	5.57 	5.75 	6.12 	6.16 	6.24 	6.16 	6.18 	6.17 	6.08 	6.19 	6.35 	6.33 	6.19 	6.25 	5.97 	5.42 	5.60 	6.32 	6.42 	5.90 	6.13 	6.48 	6.44 	6.12 	6.01 	6.00 	5.84 	5.84 	5.88 	5.70 	5.66 	5.71 	5.70 	5.62 	5.53 	5.31 	5.29 	5.21 	5.20 	5.18 	5.15 	5.22 	5.42 	5.51 	5.64 	5.58 	5.59 	5.28 	5.05 	4.82 	4.80 	4.97 	5.17 	5.39 	4.93 	4.58 	4.89 	4.73 	4.92 	5.38 	5.51 	5.58 	5.73 	5.98 	6.02 	6.48 	6.81 	6.99 	7.39 	7.47 	7.30 	7.35 	7.05 	6.68 	6.83 	6.70 	6.80 	6.91 	6.38 	5.94 	5.63 	5.35 	5.01 	5.11 	5.40 	5.51 	5.64 	5.63 	5.73 	5.95 	6.26 	6.47 	7.26 	7.59 	7.55 	8.03 	8.21 	8.29 	8.33 	8.26 	8.88 	9.04 	10.31 	11.48 	11.79 	11.86 	11.66 	11.26 	10.61 	10.62 	10.23 	10.43 	11.51 	12.81 	13.31 	12.36 	12.65 	12.46 	12.54 	11.95 	10.71 	10.50 	10.59 	10.06 	: z	10.71 	10.77 	9.53 	9.22 	9.12 	8.77 	8.61 	: z	: z	: z	: z	: z	: z	: z	: z	: z	: z	: z	: z	: z	: z	: z	: z	: z	: z	: z	: z	: z	: z	: z	: z	: z	: z	: z	: z	: z	: z	: z	: z	: z	: z	: z	: z	: z	: z	: z	: z	: z	: z	: z	: z	: z	: z	: z	: z	: z	: z	: z	: z	: 	: 	: 	: 	: 	: 	: 	: 	: 	: 	: 	: 	: 	: 	: 	: 	: 	: 	: 	: 	: 	: 	: 	: 	: 	: 	: 	: 	: 	: 	: 	: 	: 	: 	: 	: 	: 	: 	: 	: 	: 	: 	: 	: 	: 	: 	: 	: 	: 	: 	: 	: 	: 	: 	: 	: 	: 	: 	: 	: 	: 	: 	: 	: 	: 	: 	: 	: 	: 	: 	: 	: 	: 	: 	: 	: 	: 	: 	: 	: 	: 	: 	: 	: 	: 	: 	: 	: 	: 	: 	: 	: 	: 	: 	: 	: 	: 	: 	: 	: 	: 	: 	: 	: 	: 	: 	: 	: 	: 	: 	: 	: 	: 	: 	: 	: 	: 	: 	: 	: 	: 	: 	: 	: 	: 	: 	: 	: 	: 	: 	: 	: 	: 	: 	: 	: 	: 	: 	: 	: 	: 	: 	: 	: 	: 	: 	: 	: 	: 	: 	: 	: 	: 	: 	: 	: 	: 	: 	: 	: 	: 	: 	: 	: 	: 	: 	: 	: 	: 	: 	: 	: 	: 	: 	: 	: 	: 	: 	: 	: 	: 	: 	: 	: 	: 	: 	: 	: 	: 	: 	: 	: 	: 	: 	: 	: 	: 	: 	: 	: 	: 	: 	: 	: 	: 	: 	: 	: 	: 	: 	: 	: 	: 	: 	: 	: 	: 	: 	: 	: 	: 	: 	: 	: 	: 	: 	: 	: 	: 	: 	: 	: 	: 	: 	: 	: 	: 	: 	: 	: 	: 	: 	: 	: 	: 	: 	: 	: 	: 	: 	: 	: 	: 	: 	: 	: 	: 	: 	: 	: 	: 	: 	: 	: 
MAT_Y10,PT	: 	: 	: 	: 	: 	: 	: 	: 	: 	: 	: 	: 	: 	: 	: 	: 	: 	: 	: 	: 	: 	: 	: 	: 	: 	: 	: 	: 	: 	: 	: 	: 	: 	: 	: 	: 	: 	: 	: 	: 	: 	: 	: 	: 	: 	: 	: 	: 	: 	: 	: 	: 	: 	: 	: 	: 	: 	: 	: 	: 	: 	: 	: 	: 	: 	: 	: 	4.30 	4.10 	4.19 	4.18 	3.96 	3.89 	3.98 	3.93 	4.06 	4.14 	4.10 	4.07 	4.03 	3.77 	3.60 	3.45 	3.46 	3.58 	3.39 	3.23 	3.39 	3.35 	3.19 	3.35 	3.50 	3.70 	3.55 	3.56 	3.64 	3.86 	3.99 	4.12 	4.18 	4.35 	4.47 	4.42 	4.25 	4.00 	4.19 	4.25 	4.40 	4.48 	4.36 	4.29 	4.26 	4.10 	3.77 	3.91 	4.18 	4.08 	4.04 	4.27 	4.45 	4.66 	4.70 	4.63 	4.85 	5.12 	5.26 	5.40 	5.39 	5.39 	5.15 	5.08 	5.01 	4.76 	4.92 	5.17 	5.19 	5.39 	5.38 	5.42 	5.26 	5.09 	5.14 	5.16 	5.28 	5.53 	5.58 	5.63 	5.57 	5.61 	5.54 	5.68 	5.52 	5.61 	5.78 	5.81 	5.46 	5.36 	5.62 	5.41 	5.22 	4.99 	4.66 	4.32 	4.13 	4.24 	4.02 	3.90 	4.12 	4.42 	4.44 	4.46 	4.76 	4.95 	5.05 	5.18 	5.17 	5.25 	5.32 	5.40 	5.67 	5.96 	5.98 	6.13 	6.35 	6.26 	6.41 	6.49 	6.80 	6.87 	6.66 	6.72 	6.95 	7.17 	7.59 	8.32 	8.71 	8.71 	8.88 	8.97 	9.06 	9.46 	9.45 	9.44 	10.03 	10.74 	11.22 	11.14 	11.31 	11.69 	11.89 	11.92 	12.17 	11.98 	11.70 	11.79 	11.60 	11.51 	11.59 	11.75 	11.42 	11.34 	10.84 	9.96 	9.26 	8.97 	8.58 	8.93 	9.19 	9.39 	9.27 	9.74 	10.37 	10.66 	13.07 	12.77 	12.06 	11.85 	12.46 	13.34 	13.48 	13.38 	12.88 	13.13 	14.00 	13.64 	13.71 	13.58 	13.55 	14.43 	14.99 	15.21 	13.85 	13.28 	13.69 	14.24 	14.36 	14.10 	14.17 	14.93 	15.29 	15.21 	15.56 	15.76 	15.66 	15.40 	15.49 	15.47 	15.45 	15.33 	15.36 	15.35 	15.39 	15.21 	15.30 	15.42 	15.68 	15.48 	14.98 	15.31 	15.94 	15.54 	15.09 	14.88 	14.57 	13.73 	13.92 	14.20 	14.45 	14.01 	13.80 	14.14 	13.80 	14.14 	14.02 	13.83 	14.31 	14.12 	14.45 	14.70 	14.92 	15.45 	15.47 	15.66 	15.28 	15.33 	15.42 	15.01 	15.36 	14.73 	14.40 	14.38 	14.89 	14.36 	14.24 	14.88 	15.22 	15.92 	16.31 	16.68 	16.50 	16.35 	16.63 	17.09 	: 	: 	: 	: 	: 	: 	: 	: 	: 	: 	: 	: 	: 	: 	: 	: 	: 	: 	: 	: 	: 	: 	: 	: 	: 	: 	: 	: 	: 	: 	: 	: 	: 	: 	: 	: 	: 	: 	: 	: 	: 	: 	: 	: 	: 	: 	: 	: 	: 	: 	: 	: 	: 	: 	: 	: 	: 	: 	: 	: 	: 	: 	: 	: 	: 	: 	: 	: 	: 	: 	: 	: 	: 	: 	: 	: 	: 	: 	: 	: 	: 	: 	: 	: 	: 	: 	: 	: 	: 	: 	: 	: 	: 	: 	: 	: 	: 	: 	: 	: 	: 	: 	: 	: 	: 	: 	: 	: 	: 	: 	: 	: 	: 	: 	: 	: 	: 	: 	: 	: 	: 	: 	: 	: 	: 	: 	: 	: 	: 	: 	: 	: 	: 	: 	: 	: 	: 	: 	: 	: 	: 	: 	: 	: 	: 	: 	: 	: 	: 	: 	: 	: 	: 	: 	: 	: 
MAT_Y10,RO	: z	: z	: z	: z	: z	: z	: z	: z	6.75 	: z	: z	7.25 	: z	: z	7.65 	7.59 	7.46 	7.47 	7.45 	: z	: z	: z	: z	: z	: z	: z	: z	: z	: z	: z	: z	: z	: z	: z	: z	: z	: z	: z	: z	: z	: z	: z	: z	: z	: z	: z	: z	: z	: z	: z	: z	: z	: z	: z	: z	: z	: 	: z	: 	7.47 	7.27 	6.75 	6.70 	6.73 	6.80 	6.91 	: z	: z	: z	: z	: z	: z	: z	: z	: z	: z	: z	: z	: z	: z	: z	: z	: z	: z	: z	: z	: z	7.49 	7.85 	7.50 	: z	6.75 	: z	: z	: z	: z	: z	: z	: z	: z	: z	: z	: z	: z	: z	: z	: z	: z	: z	: z	: z	: z	: z	: z	: z	: z	: z	: z	: z	: z	: z	: z	: z	: z	: z	: z	: z	: z	: z	: z	: z	: z	: z	: z	: z	: z	: z	: z	: z	: z	: z	: z	: z	: z	: z	: z	: z	: z	: z	: z	: z	: z	: z	: z	: z	: z	: z	: z	: z	: z	: z	: z	: z	: z	: z	: z	: z	: z	: z	: z	: z	: z	: z	: z	: z	: z	: z	: z	: z	: z	: z	: z	: z	: z	: z	: z	: z	: z	: z	: z	: z	: z	: z	: z	: z	: z	: z	: z	: z	: z	: z	: z	: z	: z	: z	: z	: z	: z	: z	: z	: z	: z	: z	: z	: z	: 	: 	: 	: 	: 	: 	: 	: 	: 	: 	: 	: 	: 	: 	: 	: 	: 	: 	: 	: 	: 	: 	: 	: 	: 	: 	: 	: 	: 	: 	: 	: 	: 	: 	: 	: 	: 	: 	: 	: 	: 	: 	: 	: 	: 	: 	: 	: 	: 	: 	: 	: 	: 	: 	: 	: 	: 	: 	: 	: 	: 	: 	: 	: 	: 	: 	: 	: 	: 	: 	: 	: 	: 	: 	: 	: 	: 	: 	: 	: 	: 	: 	: 	: 	: 	: 	: 	: 	: 	: 	: 	: 	: 	: 	: 	: 	: 	: 	: 	: 	: 	: 	: 	: 	: 	: 	: 	: 	: 	: 	: 	: 	: 	: 	: 	: 	: 	: 	: 	: 	: 	: 	: 	: 	: 	: 	: 	: 	: 	: 	: 	: 	: 	: 	: 	: 	: 	: 	: 	: 	: 	: 	: 	: 	: 	: 	: 	: 	: 	: 	: 	: 	: 	: 	: 	: 	: 	: 	: 	: 	: 	: 	: 	: 	: 	: 	: 	: 	: 	: 	: 	: 	: 	: 	: 	: 	: 	: 	: 	: 	: 	: 	: 	: 	: 	: 	: 	: 	: 	: 	: 	: 	: 	: 	: 	: 	: 	: 	: 	: 	: 	: 	: 	: 	: 	: 	: 	: 	: 	: 	: 	: 	: 	: 	: 	: 	: 	: 	: 	: 	: 	: 	: 	: 	: 	: 	: 	: 	: 	: 	: 	: 	: 	: 	: 	: 	: 	: 	: 	: 	: 	: 	: 	: 	: 	: 	: 	: 	: 	: 	: 	: 	: 	: 	: 	: 	: 	: 	: 	: 	: 	: 	: 	: 
MAT_Y10,SE	: 	: 	: 	: 	: 	: 	: 	: 	: 	: 	: 	: 	: 	: 	: 	: 	: 	: 	: 	: 	: 	: 	: 	: 	: 	: 	: 	: 	: 	: 	: 	: 	: 	: 	: 	: 	: 	: 	: 	: 	: 	: 	: 	: 	: 	: 	: 	: 	: 	: 	: 	: 	: 	: 	: 	: 	: 	: 	: 	: 	: 	: 	: 	: 	: 	: 	: 	4.04 	3.79 	3.93 	3.90 	3.65 	3.62 	3.73 	3.70 	3.84 	3.96 	3.93 	3.89 	3.84 	3.55 	3.42 	3.33 	3.37 	3.39 	3.17 	2.98 	3.14 	3.06 	3.11 	3.34 	3.58 	3.86 	3.76 	3.84 	3.90 	4.13 	4.25 	4.37 	4.42 	4.57 	4.72 	4.68 	4.55 	4.31 	4.55 	4.65 	4.86 	4.98 	4.85 	4.73 	4.70 	4.51 	4.20 	4.37 	4.72 	4.57 	4.47 	4.70 	4.89 	5.05 	5.07 	4.97 	5.13 	5.37 	5.52 	5.69 	5.69 	5.63 	5.36 	5.27 	5.24 	4.96 	5.17 	5.26 	5.16 	5.42 	5.38 	5.27 	4.93 	4.75 	4.86 	4.89 	4.92 	5.13 	5.23 	5.26 	5.31 	5.31 	5.13 	5.34 	5.42 	5.51 	5.90 	5.95 	5.59 	5.56 	5.92 	5.69 	5.49 	5.26 	4.87 	4.50 	4.24 	4.44 	4.18 	4.02 	4.22 	4.55 	4.72 	4.79 	4.80 	4.88 	4.97 	5.20 	5.21 	5.35 	5.53 	5.65 	6.03 	6.30 	6.22 	6.38 	6.53 	6.44 	6.80 	7.01 	7.24 	7.10 	6.68 	6.74 	6.85 	7.26 	7.19 	7.79 	8.10 	8.26 	8.34 	8.43 	8.33 	8.76 	8.77 	8.25 	8.61 	8.99 	9.30 	9.63 	10.22 	10.55 	10.58 	10.74 	11.41 	11.17 	10.71 	11.00 	10.84 	11.09 	11.10 	11.41 	11.44 	10.90 	10.01 	8.91 	8.64 	7.87 	7.15 	7.05 	7.30 	7.52 	7.59 	7.82 	7.66 	8.27 	8.71 	9.12 	9.44 	9.40 	9.83 	10.17 	9.79 	10.63 	10.98 	11.22 	10.60 	9.86 	9.65 	9.54 	9.55 	9.42 	9.45 	9.54 	10.00 	9.84 	10.00 	10.18 	10.62 	10.61 	10.60 	10.79 	11.34 	11.33 	11.15 	11.85 	12.30 	12.80 	13.25 	13.35 	13.26 	12.82 	12.89 	13.28 	13.64 	13.75 	13.70 	12.87 	12.55 	12.12 	11.17 	10.98 	11.01 	11.20 	11.12 	11.05 	11.05 	10.92 	10.52 	10.47 	10.93 	11.05 	11.36 	11.47 	11.56 	11.36 	11.29 	11.53 	11.35 	11.33 	11.29 	11.66 	11.71 	11.59 	12.00 	12.02 	11.97 	11.77 	11.78 	11.78 	11.21 	11.23 	11.47 	11.68 	: 	: 	: 	: 	: 	: 	: 	: 	: 	: 	: 	: 	: 	: 	: 	: 	: 	: 	: 	: 	: 	: 	: 	: 	: 	: 	: 	: 	: 	: 	: 	: 	: 	: 	: 	: 	: 	: 	: 	: 	: 	: 	: 	: 	: 	: 	: 	: 	: 	: 	: 	: 	: 	: 	: 	: 	: 	: 	: 	: 	: 	: 	: 	: 	: 	: 	: 	: 	: 	: 	: 	: 	: 	: 	: 	: 	: 	: 	: 	: 	: 	: 	: 	: 	: 	: 	: 	: 	: 	: 	: 	: 	: 	: 	: 	: 	: 	: 	: 	: 	: 	: 	: 	: 	: 	: 	: 	: 	: 	: 	: 	: 	: 	: 	: 	: 	: 	: 	: 	: 	: 	: 	: 	: 	: 	: 	: 	: 	: 	: 	: 	: 	: 	: 	: 	: 	: 	: 	: 	: 	: 	: 	: 	: 	: 	: 	: 	: 	: 	: 	: 	: 	: 	: 	: 	: 	: 	: 	: 	: 	: 	: 	: 	: 	: 	: 	: 	: 
MAT_Y10,SI	5.44 	5.72 	6.36 	6.76 	6.52 	: 	5.26 	5.28 	5.05 	5.79 	6.68 	5.77 	6.57 	5.38 	4.82 	: z	4.75 	4.60 	4.36 	4.53 	4.30 	4.26 	4.29 	4.12 	3.79 	3.58 	3.64 	3.60 	3.86 	3.84 	3.77 	3.94 	3.93 	3.85 	4.00 	3.90 	3.87 	3.88 	3.94 	4.06 	4.32 	4.66 	4.76 	4.77 	4.68 	4.86 	4.73 	4.61 	4.61 	4.68 	4.73 	4.71 	5.02 	4.95 	4.68 	4.61 	4.49 	4.46 	4.44 	4.61 	4.56 	4.68 	4.63 	4.77 	4.79 	4.74 	4.38 	4.37 	4.37 	4.31 	4.23 	3.91 	3.98 	4.02 	3.99 	3.94 	3.86 	4.01 	3.74 	: z	3.77 	: z	3.77 	3.70 	3.62 	3.59 	3.69 	3.80 	3.77 	3.88 	3.96 	3.98 	3.89 	3.94 	3.86 	4.02 	4.28 	1.34 	1.40 	1.42 	: z	: z	: z	: z	: z	: z	: z	: z	: z	: z	: z	: z	: z	: z	: z	: z	: z	: z	: z	: z	: z	: z	: z	: z	: z	: z	: z	: z	: z	: z	: z	: z	: z	: z	: z	: z	: z	: z	: z	: z	: z	: z	: z	: z	: z	: z	: z	: z	: z	: z	: z	: z	: z	: z	: z	: z	: z	: z	: z	: z	: z	: z	: z	: z	: z	: z	: z	: z	: z	: z	: z	: z	: z	: z	: z	: z	: z	: z	: z	: z	: z	: z	: z	: z	: z	: z	: z	: z	: z	: z	: z	: z	: z	: z	: z	: z	: z	: z	: z	: z	: z	: z	: z	: z	: z	: z	: z	: z	: z	: z	: z	: z	: z	: z	: z	: 	: 	: 	: 	: 	: 	: 	: 	: 	: 	: 	: 	: 	: 	: 	: 	: 	: 	: 	: 	: 	: 	: 	: 	: 	: 	: 	: 	: 	: 	: 	: 	: 	: 	: 	: 	: 	: 	: 	: 	: 	: 	: 	: 	: 	: 	: 	: 	: 	: 	: 	: 	: 	: 	: 	: 	: 	: 	: 	: 	: 	: 	: 	: 	: 	: 	: 	: 	: 	: 	: 	: 	: 	: 	: 	: 	: 	: 	: 	: 	: 	: 	: 	: 	: 	: 	: 	: 	: 	: 	: 	: 	: 	: 	: 	: 	: 	: 	: 	: 	: 	: 	: 	: 	: 	: 	: 	: 	: 	: 	: 	: 	: 	: 	: 	: 	: 	: 	: 	: 	: 	: 	: 	: 	: 	: 	: 	: 	: 	: 	: 	: 	: 	: 	: 	: 	: 	: 	: 	: 	: 	: 	: 	: 	: 	: 	: 	: 	: 	: 	: 	: 	: 	: 	: 	: 	: 	: 	: 	: 	: 	: 	: 	: 	: 	: 	: 	: 	: 	: 	: 	: 	: 	: 	: 	: 	: 	: 	: 	: 	: 	: 	: 	: 	: 	: 	: 	: 	: 	: 	: 	: 	: 	: 	: 	: 	: 	: 	: 	: 	: 	: 	: 	: 	: 	: 	: 	: 	: 	: 	: 	: 	: 	: 	: 	: 	: 	: 	: 	: 	: 	: 	: 	: 	: 	: 	: 	: 	: 	: 	: 	: 	: 	: 	: 	: 	: 	: 	: 	: 	: 	: 	: 	: 	: 	: 	: 	: 	: 	: 	: 	: 	: 	: 	: 	: 	: 	: 	: 	: 	: 	: 	: 	: 
MAT_Y10,SK	: z	: z	: z	: z	: z	: z	: z	: z	: z	: z	: z	: z	: z	: z	: z	: z	: z	: z	: z	: z	: z	: z	: z	: z	: z	: z	: z	: z	: z	: z	: z	: z	: z	: z	: z	: z	: z	: z	: z	: z	: z	: z	: z	: z	: z	: z	: z	4.72 	4.92 	4.95 	4.98 	4.95 	5.06 	4.94 	4.52 	4.46 	4.34 	4.36 	4.48 	4.61 	4.59 	4.64 	4.61 	4.65 	4.70 	4.66 	4.40 	4.26 	4.24 	4.28 	4.25 	4.15 	4.25 	4.42 	4.79 	5.13 	5.42 	4.66 	4.50 	4.27 	4.01 	3.75 	3.59 	3.62 	3.70 	3.25 	3.13 	3.24 	3.22 	3.36 	3.54 	3.76 	3.60 	3.80 	4.04 	4.58 	4.92 	5.08 	5.03 	5.02 	5.03 	5.09 	5.13 	5.01 	5.09 	5.11 	5.16 	5.41 	5.36 	5.08 	5.03 	4.92 	4.80 	4.70 	4.72 	4.90 	5.01 	4.92 	4.98 	5.12 	5.43 	6.11 	6.28 	7.24 	7.64 	7.83 	7.68 	7.48 	7.37 	7.32 	7.41 	7.75 	7.97 	8.08 	8.10 	7.94 	8.05 	8.05 	8.02 	8.00 	8.28 	8.17 	8.25 	8.34 	8.29 	8.36 	8.31 	: z	: z	: z	: z	: z	: z	: z	: z	: z	: z	: z	: z	: z	: z	: z	: z	: z	: z	: z	: z	: z	: z	: z	: z	: z	: z	: z	: z	: z	: z	: z	: z	: z	: z	: z	: z	: z	: z	: z	: z	: z	: z	: z	: z	: z	: z	: z	: z	: z	: z	: z	: z	: z	: z	: z	: z	: z	: z	: z	: z	: z	: z	: z	: z	: z	: z	: z	: z	: 	: 	: 	: 	: 	: 	: 	: 	: 	: 	: 	: 	: 	: 	: 	: 	: 	: 	: 	: 	: 	: 	: 	: 	: 	: 	: 	: 	: 	: 	: 	: 	: 	: 	: 	: 	: 	: 	: 	: 	: 	: 	: 	: 	: 	: 	: 	: 	: 	: 	: 	: 	: 	: 	: 	: 	: 	: 	: 	: 	: 	: 	: 	: 	: 	: 	: 	: 	: 	: 	: 	: 	: 	: 	: 	: 	: 	: 	: 	: 	: 	: 	: 	: 	: 	: 	: 	: 	: 	: 	: 	: 	: 	: 	: 	: 	: 	: 	: 	: 	: 	: 	: 	: 	: 	: 	: 	: 	: 	: 	: 	: 	: 	: 	: 	: 	: 	: 	: 	: 	: 	: 	: 	: 	: 	: 	: 	: 	: 	: 	: 	: 	: 	: 	: 	: 	: 	: 	: 	: 	: 	: 	: 	: 	: 	: 	: 	: 	: 	: 	: 	: 	: 	: 	: 	: 	: 	: 	: 	: 	: 	: 	: 	: 	: 	: 	: 	: 	: 	: 	: 	: 	: 	: 	: 	: 	: 	: 	: 	: 	: 	: 	: 	: 	: 	: 	: 	: 	: 	: 	: 	: 	: 	: 	: 	: 	: 	: 	: 	: 	: 	: 	: 	: 	: 	: 	: 	: 	: 	: 	: 	: 	: 	: 	: 	: 	: 	: 	: 	: 	: 	: 	: 	: 	: 	: 	: 	: 	: 	: 	: 	: 	: 	: 	: 	: 	: 	: 	: 	: 	: 	: 	: 	: 	: 	: 	: 	: 	: 	: 	: 	: 	: 	: 	: 	: 	: 	: 	: 	: 	: 	: 	: 	: 
MAT_Y10,TR	: 	: 	: 	: 	: 	8.84 	9.12 	9.30 	9.33 	9.28 	9.55 	9.59 	9.67 	9.43 	9.05 	9.00 	9.47 	9.33 	9.25 	9.14 	9.37 	9.27 	8.82 	8.62 	8.54 	8.43 	8.94 	8.90 	9.00 	9.85 	10.54 	10.42 	10.45 	10.79 	10.92 	10.42 	9.80 	9.69 	10.90 	11.51 	12.86 	13.86 	13.26 	14.43 	16.24 	16.63 	15.96 	17.94 	22.01 	22.21 	18.50 	17.58 	20.14 	20.77 	19.03 	18.34 	18.00 	16.49 	16.10 	15.89 	15.59 	15.05 	16.50 	17.34 	16.02 	16.37 	16.83 	17.24 	18.32 	17.82 	18.80 	18.46 	18.61 	19.85 	18.59 	17.14 	17.48 	18.23 	14.92 	13.21 	12.81 	12.61 	12.09 	14.00 	: 	: 	: 	: 	: 	: 	: 	: 	: 	: 	: 	: 	: 	: 	: 	: 	: 	: 	: 	: 	: 	: 	: 	: 	: 	: 	: 	: 	: 	: 	: 	: 	: 	: 	: 	: 	: 	: 	: 	: 	: 	: 	: 	: 	: 	: 	: 	: 	: 	: 	: 	: 	: 	: 	: 	: 	: 	: 	: 	: 	: 	: 	: 	: 	: 	: 	: 	: 	: 	: 	: 	: 	: 	: 	: 	: 	: 	: 	: 	: 	: 	: 	: 	: 	: 	: 	: 	: 	: 	: 	: 	: 	: 	: 	: 	: 	: 	: 	: 	: 	: 	: 	: 	: 	: 	: 	: 	: 	: 	: 	: 	: 	: 	: 	: 	: 	: 	: 	: 	: 	: 	: 	: 	: 	: 	: 	: 	: 	: 	: 	: 	: 	: 	: 	: 	: 	: 	: 	: 	: 	: 	: 	: 	: 	: 	: 	: 	: 	: 	: 	: 	: 	: 	: 	: 	: 	: 	: 	: 	: 	: 	: 	: 	: 	: 	: 	: 	: 	: 	: 	: 	: 	: 	: 	: 	: 	: 	: 	: 	: 	: 	: 	: 	: 	: 	: 	: 	: 	: 	: 	: 	: 	: 	: 	: 	: 	: 	: 	: 	: 	: 	: 	: 	: 	: 	: 	: 	: 	: 	: 	: 	: 	: 	: 	: 	: 	: 	: 	: 	: 	: 	: 	: 	: 	: 	: 	: 	: 	: 	: 	: 	: 	: 	: 	: 	: 	: 	: 	: 	: 	: 	: 	: 	: 	: 	: 	: 	: 	: 	: 	: 	: 	: 	: 	: 	: 	: 	: 	: 	: 	: 	: 	: 	: 	: 	: 	: 	: 	: 	: 	: 	: 	: 	: 	: 	: 	: 	: 	: 	: 	: 	: 	: 	: 	: 	: 	: 	: 	: 	: 	: 	: 	: 	: 	: 	: 	: 	: 	: 	: 	: 	: 	: 	: 	: 	: 	: 	: 	: 	: 	: 	: 	: 	: 	: 	: 	: 	: 	: 	: 	: 	: 	: 	: 	: 	: 	: 	: 	: 	: 	: 	: 	: 	: 	: 	: 	: 	: 	: 	: 	: 	: 	: 	: 	: 	: 	: 	: 	: 	: 	: 	: 	: 	: 	: 	: 	: 	: 	: 	: 	: 	: 	: 	: 	: 	: 	: 	: 	: 	: 	: 	: 	: 	: 	: 	: 	: 	: 	: 	: 	: 	: 	: 	: 	: 	: 	: 	: 	: 	: 	: 	: 	: 	: 	: 
MAT_Y10,UK	: 	: 	: 	: 	: 	: 	: 	: 	: 	: 	: 	: 	: 	: 	: 	: 	: 	: 	: 	: 	: 	: 	: 	: 	: 	: 	: 	: 	: 	: 	: 	: 	: 	: 	: 	: 	: 	: 	: 	: 	: 	: 	: 	: 	: 	: 	: 	: 	: 	: 	: 	: 	: 	: 	: 	: 	: 	: 	: 	: 	: 	: 	: 	: 	: 	: 	: 	5.10 	4.88 	4.97 	4.94 	4.54 	4.45 	4.51 	4.44 	4.49 	4.49 	4.50 	4.49 	4.37 	4.19 	4.05 	3.97 	4.27 	4.37 	4.40 	4.25 	4.34 	4.31 	4.31 	4.45 	4.67 	4.87 	4.66 	4.60 	4.58 	4.74 	4.81 	4.95 	5.03 	5.14 	5.24 	5.15 	4.99 	4.76 	4.88 	4.84 	4.94 	5.10 	4.96 	4.76 	4.64 	4.47 	4.19 	4.31 	4.56 	4.41 	4.29 	4.31 	4.49 	4.55 	4.53 	4.45 	4.67 	5.02 	5.19 	5.35 	5.33 	5.34 	5.04 	5.02 	4.94 	4.67 	4.86 	5.02 	5.07 	5.30 	5.30 	5.21 	5.03 	4.82 	4.95 	4.94 	4.95 	5.11 	5.20 	5.38 	5.32 	5.24 	5.21 	5.41 	5.30 	5.34 	5.63 	5.83 	5.36 	5.23 	5.78 	5.60 	5.31 	5.27 	5.09 	4.83 	4.54 	4.60 	4.37 	4.20 	4.54 	4.93 	4.99 	5.16 	5.63 	5.92 	5.87 	5.92 	5.88 	6.05 	6.10 	6.16 	6.43 	6.70 	6.57 	6.88 	7.17 	7.13 	7.24 	7.25 	7.74 	7.55 	7.29 	7.66 	7.68 	7.69 	7.64 	7.95 	7.96 	8.06 	8.20 	8.23 	8.21 	8.20 	7.90 	7.55 	7.97 	7.97 	8.24 	8.07 	8.26 	8.39 	8.24 	8.28 	8.55 	8.70 	8.76 	8.84 	8.70 	8.75 	8.88 	8.99 	8.69 	8.54 	8.72 	8.29 	7.82 	7.42 	6.71 	6.32 	6.38 	6.88 	6.92 	7.02 	7.10 	7.62 	8.01 	8.22 	7.97 	7.85 	8.11 	8.48 	8.32 	8.19 	8.65 	9.19 	9.35 	9.05 	9.12 	9.02 	9.43 	9.68 	9.30 	9.46 	9.66 	9.77 	9.72 	9.64 	10.03 	10.28 	10.58 	10.38 	10.19 	10.29 	10.13 	10.59 	10.84 	11.37 	11.74 	12.10 	12.15 	11.84 	11.80 	12.41 	12.74 	12.42 	11.33 	10.89 	10.56 	10.55 	10.45 	10.21 	9.91 	10.15 	10.55 	10.17 	10.18 	9.88 	9.72 	9.96 	10.14 	9.86 	9.69 	10.10 	9.91 	9.84 	9.51 	9.41 	9.20 	9.22 	9.52 	9.71 	9.63 	9.23 	10.14 	10.21 	10.13 	9.29 	8.93 	8.80 	9.14 	9.11 	9.97 	10.27 	10.98 	11.08 	10.92 	10.28 	9.66 	9.61 	9.45 	9.15 	8.94 	9.69 	10.73 	11.13 	10.78 	10.69 	10.52 	10.68 	10.69 	10.77 	11.03 	11.23 	11.07 	11.33 	11.49 	11.36 	10.87 	10.73 	11.10 	11.23 	11.41 	12.07 	11.59 	11.38 	10.85 	10.66 	10.87 	10.77 	: 	: 	: 	: 	: 	: 	: 	: 	: 	: 	: 	: 	: 	: 	: 	: 	: 	: 	: 	: 	: 	: 	: 	: 	: 	: 	: 	: 	: 	: 	: 	: 	: 	: 	: 	: 	: 	: 	: 	: 	: 	: 	: 	: 	: 	: 	: 	: 	: 	: 	: 	: 	: 	: 	: 	: 	: 	: 	: 	: 	: 	: 	: 	: 	: 	: 	: 	: 	: 	: 	: 	: 	: 	: 	: 	: 	: 	: 	: 	: 	: 	: 	: 	: 	: 	: 	: 	: 	: 	: 	: 	: 	: 	: 	: 	: 	: 	: 	: 	: 	: 	: 	: 	: 	: 	: 	: 	: 	: 	: 	: 	: 	: 	: 	: 	: 	: 	: 	: 	: 	: 	: 	: 	: 	: 	: 	: 	: 	: 	: 	: 	: 
MAT_Y10,US	: 	: 	: 	: 	: 	1.61 	1.79 	2.03 	2.16 	1.96 	1.94 	1.97 	2.01 	2.13 	1.96 	2.29 	2.98 	2.99 	3.16 	3.43 	3.40 	3.56 	3.37 	3.28 	2.74 	2.52 	2.64 	2.68 	2.99 	3.19 	3.40 	3.82 	3.72 	3.68 	3.71 	3.58 	3.39 	3.37 	3.39 	3.58 	3.54 	3.71 	3.29 	2.90 	2.81 	2.86 	2.49 	2.42 	3.52 	3.79 	3.68 	3.89 	3.98 	4.09 	3.87 	3.65 	3.49 	3.73 	3.73 	4.10 	4.16 	4.52 	4.51 	4.68 	5.01 	5.11 	4.75 	4.69 	4.56 	4.73 	4.76 	4.57 	4.60 	4.73 	4.72 	4.88 	5.10 	5.10 	5.10 	4.99 	4.72 	4.56 	4.41 	4.46 	4.53 	4.45 	4.19 	4.26 	4.16 	4.00 	4.14 	4.34 	4.49 	4.16 	4.21 	4.23 	4.19 	4.08 	4.13 	4.27 	4.48 	4.73 	4.70 	4.32 	3.81 	4.06 	4.13 	4.26 	4.29 	4.27 	4.29 	4.44 	3.93 	3.32 	3.56 	3.94 	3.79 	3.90 	4.02 	4.03 	4.04 	3.91 	3.88 	4.24 	4.62 	4.90 	5.15 	5.21 	5.28 	4.90 	5.00 	5.07 	4.61 	4.55 	4.76 	4.97 	5.23 	5.26 	5.37 	5.13 	4.89 	5.10 	5.14 	5.23 	5.72 	5.74 	5.80 	5.83 	6.04 	6.10 	6.42 	6.00 	6.26 	6.52 	6.66 	6.26 	6.03 	6.10 	5.91 	5.94 	5.80 	5.90 	5.54 	5.18 	5.23 	4.99 	4.73 	4.69 	4.82 	4.52 	4.87 	5.32 	5.45 	5.49 	5.65 	5.72 	5.64 	5.65 	5.63 	5.89 	5.86 	6.02 	6.11 	6.29 	6.32 	6.49 	6.82 	6.87 	6.80 	6.52 	6.69 	6.40 	6.30 	6.64 	6.95 	6.62 	6.99 	7.03 	6.85 	6.62 	6.37 	5.89 	5.73 	5.79 	6.02 	6.13 	6.30 	6.60 	6.38 	6.27 	6.74 	7.18 	7.33 	7.61 	7.93 	7.96 	8.12 	7.89 	7.60 	7.37 	7.43 	7.23 	7.31 	7.09 	6.58 	6.06 	5.83 	5.90 	5.80 	5.40 	5.40 	5.80 	5.90 	6.10 	6.10 	6.10 	6.10 	6.40 	6.70 	6.88 	6.99 	6.70 	6.52 	6.70 	6.96 	7.39 	7.53 	7.62 	7.68 	7.47 	7.15 	7.22 	7.56 	7.67 	7.80 	8.06 	8.44 	8.45 	8.23 	8.20 	8.27 	8.00 	8.25 	8.24 	8.57 	8.91 	9.09 	8.94 	8.65 	8.66 	8.95 	8.98 	8.77 	8.65 	8.38 b	8.02 	8.03 	8.15 	8.31 	8.26 	8.19 	8.28 	8.86 	9.18 	9.33 	9.16 	9.07 	9.13 	9.07 	8.89 	9.06 	9.33 	9.20 	9.04 	9.24 	8.91 	8.61 	8.41 	8.82 	9.12 	8.99 	9.61 	9.58 	8.97 	8.70 	8.63 	8.79 	8.31 	7.62 	7.69 	7.60 	7.67 	7.81 	8.04 	8.08 	7.72 	7.86 	8.23 	8.02 	7.59 	8.13 	9.07 	9.51 	9.60 	10.08 	10.56 	10.67 	10.59 	10.51 	10.36 	10.96 	11.42 	11.78 	11.35 	11.15 	11.20 	11.25 	11.66 	11.97 	12.23 	12.82 	13.00 	12.89 	12.17 	11.90 	11.44 	11.29 	11.44 	11.32 	11.21 	11.26 	11.42 	11.10 	10.64 	10.21 	10.19 	10.34 	10.60 	10.37 	10.33 	10.18 	10.51 	11.48 	12.15 	12.97 	13.32 	12.67 	12.84 	12.98 	13.63 	13.73 	12.88 	12.68 	14.13 	14.14 	13.61 	13.05 	14.76 	12.96 	12.62 	12.15 	12.23 	11.65 	11.89 	11.83 	11.20 	10.94 	10.53 	9.83 	9.40 	9.82 	10.83 	11.87 	11.55 	10.03 	9.59 	9.80 	9.44 	8.68 	8.42 	8.35 	8.32 	8.55 	8.44 	8.45 	8.43 	8.43 	8.36 	8.16 	8.07 	7.82 	7.87 	8.09 	7.94 	7.87 	7.74 	7.63 	7.60 	7.50 	7.23 	7.14 	7.08 	6.94 	7.00 	6.97 	6.99 	7.17 	7.14 	7.20 	7.15 	6.68 	6.39 	6.62 	6.65 	6.70 	6.79 	6.85 	6.92 	6.99 	6.73 	6.87 	6.92 	6.94 	7.17 	7.21 	7.29 	7.29 	7.06 	6.89 	6.86 	6.99 	7.03 	6.73 	6.61 	6.68 	6.78 	6.93 	7.22 	7.30 	7.33 	7.18 	7.03 	7.07 	7.04 	6.81 	6.54 	6.56 	: 	: 	: 	: 	: 	: 	: 	: 	: 	: 	: 	: 
