Villain,Year first,Year last,Doc. no.,Doctor actor,Epi- sodes,"Stories, total","Motivation (invasion earth, end of universe, etc)",Story titles
Abzorbaloff (Victor Kennedy),2006,2006,10,David Tennant,1,1,Kill humans,Love and Monsters
Adherents of the Repeated Meme,2005,2005,9,Christopher Eccleston,1,1,Serve big bad,The End of the World
Adipose Industries ,2008,2008,10,David Tennant,1,1,Control the World,Partners in Crime
"Adrasta, Lady",1979,1979,4,Tom Baker,4,1,Mineral wealth,The Creature from the Pit
Alaya,2010,2010,11,Matt Smith,2,1,Capture humans,The Hungry Earth/Cold Blood
"Alliance - onscreen - Daleks, Cybermen, Sontarans & Autons, (cameos Silurians, Sycorax, Judoon, Hoix, Roboforms, microcameos Blowfish, Uvodni, Weevils)",2010,2010,11,Matt Smith,1,1,Imprison the Doctor,The Pandorica Opens
Alliance of Shades (Mister Dread),2009,2009,10,David Tennant,9,1,Hide alien activities,Dreamland
Angel Bob,2010,2010,11,Matt Smith,2,1,Kill humans,The Time of Angels/Flesh and Stone
Angelo,2006,2006,10,David Tennant ,1,1,Create new empire,Tooth and Claw
Animus,1965,1965,1,William Hartnell,6,1,Control Humans,The Web Planet
Anti-matter monster,1975,1975,4,Tom Baker,4,1,Energy,Planet of Evil
Anti-Matter Organism ,1972,1973,"1,2,3","William Hartnell, Patrick Troughton, Jon Pertwee",4,1,Serve big bad,The Three Doctors
Arcturus,1972,1972,3,Jon Pertwee,4,1,Control of planet,The Curse of Peladon
Aridians,1965,1965,1,William Hartnell,6,1,Self interest,The Chase
Association (the),1988,1988,7,Sylvester McCoy,4,1,Fascist stooge,Rememberance of the Daleks
Atraxi,2010,2010,11,Matt Smith,2,2,World domination,"The Eleventh Hour, The Pandorica Opens"
Aukon (one of Three who rule),1980,1980,4,Tom Baker,4,1,"Drink blood, control humans",State of Decay
Automated Corpse,2005,2005,9,Christopher Eccleston,1,1,Serve big bad,The Long Game
"Autons (Marcellas, Commander and Claudio)",1970,2010,"3,9,11","Jon Pertwee, Christopher Eccleston, Matt Smith",11,4,Defeat the Doctor,"Terror of the Autons, Spearhead from Space, Rose, The Pandorica Opens/The Big Bang, Love & Monsters"
Axons,1971,1971,3,Jon Pertwee,4,1,Earth invasion/Human extermination,The Claws of Axos
Aydan,1964,1964,1,William Hartnell,6,1,Save alien planet,The Keys of Marinus
Azal,1971,1971,3,Jon Pertwee,5,1,Kill humans,The Dæmons
Azaxyr,1974,1974,3,Jon Pertwee,6,1,Power,The Monster of Peladon
Azlok,2009,2009,10,David Tennant,7,1,Invading Earth,Dreamland
Baltazar,2007,2007,10,David Tennant,13,1,Kill life on earth/make money,The Infinite Quest 
Bannermen,1987,1987,7,Sylvester McCoy,3,1,World domination,Delta and the Bannermen
Beast (the),2006,2006,10,David Tennant,2,1,Satan Figure,The Impossible Planet/The Satan Pit
Benik,1967,1968,2,Patrick Troughton,6,1,Serve Big Bad,The Enemy of the World
Bennett (Koquillion),1965,1965,1,William Hartnell,2,1,Kill humans,The Rescue
Black Guardian (the),1978,1979,"4,5","Tom Baker, Peter Davison",18,5,Wants evil,"The Key to Time, Terminus, Mawdryn Undead, Enlightenment, Armageddon factor"
Bloodtide,2007,2007,10,David Tennant,1,1,Serve big bad,The Shakespeare Code
Blowfish,2010,2010,11,Matt Smith,1,1,Imprison the Doctor,The Pandorica Opens (see Alliance above)
Bok,1971,1971,3,Jon Pertwee,5,1,Assist Azal,The Dæmons
Borad,1985,1985,6,Colin Baker,2,1,Kill humans,Timelash
Borusa,1976,1983,"1, 2, 3, 4, 5","William Hartnell, Patrick Troughton, Jon Pertwee, Tom Baker, Peter Davison",15,4,Wants immortality,"The Deadly Assassin, The Invasion of Time, Arc of Infinity, The Five Doctors"
BOSS,1973,1973,3,Jon Pertwee,6,1,Brainwashing,The Green Death
Bragen,1966,1966,2,Patrick Troughton,6,1,Serve big bad,The Power of the Daleks
"Brethren (the), inc Father Angelo",2006,2006,10,David Tennant,1,1,Serve big bad,Tooth and Claw
Broton,1975,1975,4,Tom Baker ,4,1,Power,Terror of the Zygons
"Calvierri, Signora Rosanna",2010,2010,11,Matt Smith,1,1,reproduce,The Vampires of Venice
Camilla (one of Three who rule),1980,1980,4,Tom Baker,4,1,"Drink blood, control humans",State of Decay
"Capel, Taren",1977,1977,4,Tom Baker,4,1,Kill humans,The Robots of Death
"Capricorn, Max",2007,2007,10,David Tennant,1,1,Bankrupt company,Voyage of the Damned
Captain (the),1978,1978,4,Tom Baker,4,1,Make money,The Pirate Planet
Carlo ,2010,2010,11,Matt Smith,1,1,Serve big bad,The Vampires of Venice
"Carrington, General",1970,1970,7,Jon Pertwee,7,1,War,The Ambassadors of Death
Carrionites,2007,2007,10,David Tennant,1,1,World domination,The Shakespeare Code
"Casp, Matron",2006,2007,10,David Tennant,2,2,Medical experiments,New Earth/Gridlock
"Cassandra, Lady (Cassandra O'Brien.Δ17)",2005,2006,"9,10","Christopher Eccleston, David Tennant",2,2,Make money,The End of the World/New Earth
"Catkind (Sisters of Plenitude), exc Novice Hame",2006,2006,10,David Tennant,1,1,Experiments on humans,New Earth
"Caven, Maurice",1969,1969,2,Patrick Troughton,6,1,Invade another alien planet,The Space Pitrates
Caw ,2007,2007,10,David Tennant,13,1,Gold,The Infinite Quest 
Celestial Toymaker,1966,1966,1,William Hartnell,4,1,Kill/ enslave humans,Celestial Toymaker
Cessair of Diplos (The Cailleach/Morgana Montcalm/Senora Camara/Vivien Fay),1978,1978,4,Tom Baker,4,1,Murder/theft,The Stones of Blood
Chameleons,1967,1967,2,Patrick Troughton,6,1,"New home world, absorbing human identities",The Faceless Ones
"Chang, Li H'sen",1977,1977,4,Tom Baker,6,1,Serve big bad,Talons of Weng Chiang
"Charles, Oliver",2005,2005,9,Christopher Eccleston,1,1,Kill politician,Aliens of London
"Chase, Harrison",1976,1976,4,Tom Baker,6,1,Kill humans,The Seeds of Doom
Cheetah people,1989,1989,7,Sylvester McCoy,3,1,Serve big bad,Survival
Chessene of the Franzine Grig,1985,1985,"2,6","Patrick Troughton, Peter Davison",3,1,Get a time machine,The Two Doctors
Chief Caretaker,1987,1987,7,Sylvester McCoy,4,1,Kill humans,Paradise Towers
Chief Clown,1988,1989,7,Sylvester McCoy,4,1,Serve big bad,The Greatest Show in the Galaxy
Chief Sea Devil,1972,1972,3,Jon Pertwee,6,1,Destroy the human race,The Sea Devils     
Chip,2006,2006,10,David Tennant,1,1,Serve big bad ,New Earth
Clockwork Repair Droids,2006,2006,10,David Tennant,1,1,"Take brain, repair ship",The Girl in the Fireplace
Clown robots,1989,1989,7,Sylvester McCoy,4,1,Serve big bad,The Greatest Show in the Galaxy
"Cobb, General",2008,2008,10,David Tennant,1,1,War,The Doctor's Daughter
"Cofelia, Matron (Miss Foster)",2008,2008,10,David Tennant,1,1,reproducing,Partners in Crime
Collector (the),1977,1977,4,Tom Baker,4,1,Human dictatorship/enslavement,The Sun Makers
Corvin,2006,2006,10,David Tennant,1,1,Medical experiments,New Earth
Crane (Mr),2006,2006,10,David Tennant,2,1,Serve big bad ,Raise of the Cybermen/The Age of Steel
"Cranleigh, George",1982,1982,5,Peter Davison,2,1,Kill humans,Black Orchid
Cult of Skaro (inc Dalek Sec and three others) ,2006,2007,10,David Tennant,4,2,Earth invasion/Human extermination/Human-Dalek hybrid,"Army of Ghosts/Doomsday, Daleks in Manhattan/Evolution of the Daleks"
Cyber-controller,1967,1985,"2,6","Patrick Troughton, Colin Baker",6,2,Earth invasion/Human extermination,"The Tomb of the Cybermen, Attack of the Cybermen"
Cyber-leader,1975,1988,"1,2,3,4,5,6,7","William Hartnell, Patrick Troughton, Jon Pertwee, Tom Baker, Peter Davison, Colin Baker, Sylvester Mc Coy ",14,5,Serve big bad ,"Revenge of the Cybermen, Earthshock, The Five Doctors, Attack of the Cybermen, Silver Nemesis"
Cyberman Android,1982,1982,5,Peter Davison,4,1,Destroy the world,Earthshock
Cybermat,1967,2011,"2,4,11","Patrick Troughton, Tom Baker, Matt Smith",15,4,Serve big bad,"Tomb of the Cybermen, Wheel in space, Revenge of the Cybermen, Closing Time"
Cybermen,1966,2010,"1, 2, 3, 4, 5, 6, 7, 10, 11","William Hartnell, Patrick Troughton, Jon Pertwee, Tom Baker, Peter Davison, Colin Baker, Sylvester McCoy, David Tennant, Matt Smith",56,24,Earth invasion/Human extermination,"The Tenth Planet, The Moonbase, The Tomb of the Cybermen, The Wheel in Space, The Invasion, Revenge of the Cybermen, Earthshock, The Five Doctors, Attack of the Cybermen, Silver Nemesis, Rise of the Cybermen/The Age of Steel, Army of Ghosts/Doomsday, The Next Doctor, The Pandorica Opens, The War Games, The Mind of Evil, Carnival of Monsters, Logopolis, Mawdryn Undead, Dalek, Human Nature, A Good Man Goes to War, Closing Time"
Cybershades,2008,2008,10,David Tennant,1,1,Serve big bad, The Next Doctor
Dalek Duplicates,1984,1984,5,Peter Davison,2,1,Serve big bad,Ressurrection of the Daleks
Daleks,1963,2010,"1, 2, 3, 4, 5, 6, 7, 9, 10, 11","William Hartnell, Patrick Troughton, Jon Pertwee, Tom Baker, Peter Davison, Colin Baker, Sylvester McCoy, Christopher Eccleston, David Tennant, Matt Smith",104,34,Earth invasion/Human extermination,"The Daleks, The Dalek Invasion of Earth, The Chase, Mission to the Unknown, The Daleks' Master Plan, The Power of the Daleks, The Evil of the Daleks, Day of the Daleks, Planet of the Daleks, Death to the Daleks, Genesis of the Daleks, Destiny of the Daleks, Resurrection of the Daleks, Revelation of the Daleks, Remembrance of the Daleks, Dalek, Bad Wolf/The Parting of the Ways, Army of Ghosts/Doomsday, Daleks in, Manhattan/Evolution of the Daleks, The Stolen Earth, Journey's End, Victory of the Daleks, The Pandorica Opens, The Big Bang, The Space Museum, The Wheel in Space, The War Games, The Mind of Evil, Frontier in Space, The Five Doctors, Doctor Who, Human Nature, The Waters of Mars, The Beast Below, The Wedding of River Song, Asylum of the Daleks"
Dalek prime minister,2012,2012,11,Matt Smith,1,1,Protecting the Daleks,Asylum of the Daleks
"Dala, Dalek ""puppet""",2012,2012,11,Matt Smith,1,1,Serve big bad,Asylum of the Daleks
"Dalek Supreme (Supreme Dalek), inc Progenitor",1964,2010,"1, 2, 3, 4, 5, 6, 7, 10, 11","William Hartnell, Patrick Troughton, Jon Pertwee, Tom Baker, Peter Davison, Colin Baker, Sylvester McCoy, David Tennant, Matt Smith",63,14,Earth invasion/Human extermination,"Dalek Invasion of earth, The Daleks' Master Plan, The Chase, The Evil of the Daleks, Day of the Daleks, Frontier in Space, Planet of the Daleks, Destiny of the Daleks, Resurrection of the Daleks, Revelation of the Daleks, Remembrance of the Daleks, The Stolen Earth/Journey's End, Victory of the Daleks, The Pandorica Opens"
"Dastari, Joinson",1985,1985,"2,6","Patrick Troughton, Colin Baker",3,1,Medical experiments,The Two Doctors
Daughter of Mine,2007,2007,10,David Tennant,2,1,Infiltrate places,Human Nature/The Family of Blood
Davinadroid,2005,2005,9,Christopher Eccleston,1,1,Controll Humans,Bad Wolf   
Davros,1975,2008,"4, 5, 6, 7, 10","Tom Baker, Peter Davison, Colin Baker, Sylvester McCoy, David Tennant",22,6,Earth invasion/Human extermination,"Genesis of the Daleks, Destiny of the Daleks, Resurrection of the Daleks, Revelation of the Daleks, Remembrance of the Daleks, The Stolen Earth/Journey's End"
De Flores,1988,1988,7,Sylvester McCoy,3,1,"Human dictatorship, establish fourth reich",Silver Nemisis
De Flores,1988,1988,7,Sylvester McCoy,3,1,Fascist stooge,Silver Nemesis
Dent,1971,1971,3,Jon Pertwee,6,1,Make money,Colony in Space
Destroyer,1989,1989,7,Sylvester McCoy,4,1,Defeat the Doctor,Battlefield
Dexter,2007,2007,10,David Tennant,2,2,Locate the Doctor and his companions,"42, The Sound of Drums"
"Dextrus, Lucias Petrus",2008,2008,10,David Tennant,1,1,Dominate the world,The Fires of Pompeii
Diagoras (Mr),2007,2007,10,David Tennant,1,1,Run New York city,Daleks in Manhatten
Dibber,1986,1986,6,Colin Baker,4,1,Self-interest,The Mysterious Planet
Peg dolls,2011,2011,11,Matt Smith,1,1,Turn humans into dolls,Night terrors
Dominators,1968,1968,2,Patrick Troughton,5,1,Turn Planet into fuel,The Dominators
"Dracula, Robot Count",1965,1965,1,William Hartnell,6,1,Serve big bad,The Chase
Drahvin,1965,1965,1,William Hartnell,4,1,War,Galaxy 4
Drashigs,1973,1973,3,Jon Pertwee,4,1,Kill everything,Carnival of Monsters
Drathro (L3 robot),1986,1986,6,Colin Baker,4,1,Protect,The Mysterious Planet
Dream Lord,2010,2010,11,Matt Smith,1,1,Defeat the Doctor,Amy's Choice
"Droid, Anne ",2005,2005,"9,10","Christopher Eccleston, David Tennant",2,2,Kill humans,"Bad Wolf, The Parting of the Ways"
Dymond,1979,1979,4,Tom Baker,4,1,Crime,Nightmare of Eden
Eckersley,1974,1974,3,Jon Pertwee,6,1,World domination,The Monster of Peladon
Editor,2005,2005,9,Christopher Eccleston,1,1,Control Humans,The Long Game
Eight legs,1974,1974,3,Jon Pertwee,6,1,Serve big bad,Planet of the Spiders
Eknodine,2010,2010,11,Matt Smith,1,1,"Control humans, survival",Amy's Choice
Elders (the),1966,1966,1,William Hartnell,4,1,Self interest,The Savages
Eldrad,1976,1976,4,Tom Baker,4,1,Control of own alien species,The Hand of Fear
"Elizabeth Shaw, Section Leader (alt universe)",1970,1970,3,Jon Pertwee,7,1,Fascist stooge,Inferno
Empty Child,2005,2005,9,Christopher Eccleston,2,1,Kill humans,The Empty Child/The Doctor Dances
Ergon (the),1983,1983,5,Peter Davison,4,1,Serve big bad,Arc of Infinity
Eternals,1983,1983,5,Peter Davison,4,1,"Amusement, universal control",Enlightenment
Eyesen,1964,1964,1,William Hartnell,6,1,Self-interest,The Keys of Marinus
Family of Blood,2007,2007,10,David Tennant,2,1,Kill/take control of humans and the Doctor,Human Nature/The Family of Blood
Father Angelo,2006,2006,10,David Tennant,1,1,Kill humans,Tooth and Claw
"Federico, Count",1976,1976,4,Tom Baker,4,1,Power/ serve big bad,The Masque of Mandragora
Fendahl (inc Fendahleen),1977,1977,4,Tom Baker,4,1,Devour life,Image of the Fendahl
Fenric,1989,1989,7,Sylvester McCoy,4,1,Control Humans,The Curse of Fenric
"Finch, Mr (Lassar)",2006,2006,10,David Tennant,1,1,Kill humans,School Reunion
Flood (the),2009,2009,10,David Tennant,1,1,Viral infection, The Waters of Mars
Foamasi,1980,1980,4,Tom Baker,4,1,Kill humans,The Leisure Hive
Forester,1964,1964,1,William Hartnell,3,1,Money,Planet of Giants
Fortune Teller,2008,2008,10,David Tennant ,1,1,Manipulating the past,Turn Left
Francesco,2010,2010,11,Matt Smith,1,1,Serve big bad,The Vampires of Venice
Frankenstein's monster robot,1965,1965,1,William Hartnell,6,1,Serve big bad,The Chase
Futurekind,2007,2007,10,David Tennant,1,1,Kill humans,Utopia
Gastropods,1984,1984,6,Colin Baker,4,1,Serve big bad, The Twin Dilemma
Gantok,2011,2011,11,Matt Smith,1,1,Serve big bad,The Wedding of River Song
Gavrok,1989,1989,7,Sylvester McCoy,4,1,Kill another alien species,The Greatest Show in the Galaxy
Gell guards ,1972,1973,"1,2,3","William Hartnell, Patrick Troughton, Jon Pertwee",4,1,Serve big bad,The Three Doctors
Gelth (the)/Gelth Ambassador,2005,2005,9,Christopher Eccleston,1,1,World domination,The Unquiet Dead
"Glitz, Sabalom",1986,1987,"6,7","Colin Baker, Sylvester McCoy",9,3,Self-interest,"The Mysterious Planet, The Ultimate Foe, Dragonfire"
Gods of Ragnarok,1989,1989,7,Sylvester McCoy,4,1,Kill alien species/enslavement,The Greatest Show in the Galaxy
"Golightly, Arnold",2008,2008,10,David Tennant ,1,1,Kill humans,The Unicorn and the Wasp
Goth (Gothaparduskerialldrapolatkh),1969,1976,"2,4","Patrick Troughton, Tom Baker",14,2,"Serve big bad, power","The War Lords, The Deadly Assassin"
Gravis,1984,1984,5,Peter Davison,4,1,Kill Humans,Frontios
"Gray, Steve",2008,2008,10,David Tennant,2,1,"Serve big bad, fight",The Sontaran Stratagem/The Poison Sky
Grayle,2012,2012,11,Matt Smith,1,1,Collect Weeping Angels,The Angels Take Manhattan
"Great Intelligence, the (Yog-Sothoth)",1967,2012,"2,11","Patrick Troughton, Matt Smith",13,3,World domination,"The Abominable Snowmen/The Web of Fear, The Snowmen"
Great One (Giant Spiders of Metebelis III),1974,1974,3,Jon Pertwee,6,1,Universe domination,Planet of the Spiders
Great Vampire,1980,1980,4,Tom Baker,4,1,Absorb planets,State of Decay
"Greel, Magnus",1977,1977,4,Tom Baker,6,1,Immortality/return to his time,The Talons of Weng-Chiang
"Green, Joseph",2005,2005,9,Christopher Eccleston,2,1,Cause World War Three,Aliens of London/World War Three
"Grendel, Count",1978,1978,4,Tom Baker,4,1,To posess a key,The Androids of Tara
Grey Lady robot,1965,1965,1,William Hartnell,6,1,Serve big bad,The Chase
"Grey, Solicitor",1966,1967,2,Patrick Troughton,4,1,Serve big bad,The Highlanders
"Grover, Charles",1974,1974,3,Jon Pertwee,6,1,Power,Invasion of the Dinosaurs
Grugger,1980,1980,4,Tom Baker,4,1,Serve big bad,Meglos
Gubbage Cone ,1965,1965,1,William Hartnell,6,1,Attack the Doctor,The Chase
"Gurney, Constantine Ethelred",2007,2007,10,David Tennant,13,1,"Larceny, blackmail and fraud",The Infinite Quest 
Haemovores (inc Ancient One),1989,1989,7,Sylvester McCoy,4,1,Serve big bad,The Curse of Fenric
"Halpen, Klineman",2008,2008,10,David Tennant,1,1,Kill an alien species,Planet of the Ood
Handbots,2011,2011,11,Matt Smith,1,1,Kill with kindness,The girl who waited
Happiness Patrol (the),1988,1988,7,Sylvester McCoy,3,1,Serve big bad,The Happiness Patrol
Hardaker,2007,2007,10,David Tennant,1,1,"Serve big bad, make money for family",Voyage of the Damned
"Harris, Private Carl",2008,2008,10,David Tennant,2,1,"Serve big bad, fight",The Sontaran Stratagem/The Poison Sky
"Hartigan, Mercy",2008,2008,10,David Tennant,1,1,Human dictatorship/enslavement,The Next Doctor
"Hartman, Yvonne",2006,2006,10,David Tennant,2,1,Assist Cybermen,Army of Ghosts/Doomsday
Hath,2008,2008,10,David Tennant,1,1,War,The Doctor's Daughter
Hawthorne,2010,2010,11,Matt Smith,1,1,Power,The Beast Below
Heavenly Host ,2007,2007,10,David Tennant,1,1,Serve big bad,Voyage of the Damned
Headless Monks,2011,2011,11,Matt Smith,1,1,Serve big bad,A Good Man Goes to War
"Hedin, Councillor",1983,1983,5,Peter Davison,4,1,Viral infection,Arc of Infinity
Helen A,1988,1988,7,Sylvester McCoy,3,1,Human dictatorship/enslavement,The Happiness Patrol
Hepesh,1972,1972,3,Jon Pertwee,4,1,Universal control,The Curse of Peladon
Hieronymous,1976,1976,4,Tom Baker,4,1,Power/ serve big bad,The Masque of Mandragora
Hindle,1982,1982,5,Peter Davison,4,1,Serve big bad,Kinda
Hoix,2006,2010,"10,11","David Tennant, Matt Smith",2,2,Consume everything/Imprison the Doctor,"Love and Monsters (cameo), The Pandorica Opens (see Alliance above)"
Horda,1977,1977,4,Tom Baker,4,1,Kill everything,The Face of Evil
Host (the),2006,2006,10,David Tennant,1,1,Kill everything,Tooth and Claw
House,2011,2011,11,Matt Smith,1,1,"Absorb planets, TARDIS'",The Doctor's Wife
"Hutchinson, Sir George",1984,1984,5,Peter Davison,2,1,Power,The Awakening
Ice Warriors (inc benevolent appearences),1967,1974,"2,3","Patrick Troughton, Jon Pertwee",24,6,Absorb planets,"The Ice Warriors, The Seeds of Death, The Curse of Peladon, The Monster of Peladon,The War Games, The Mind of Evil"
Icthar,1984,1984,5,Peter Davison,4,1,Power,Warriors of the Deep
Ingiger,1989,1989,7,Sylvester McCoy,4,1,Control alien species,The Curse of Fenric
Irongron,1973,1974,3,Jon Pertwee,4,1,"Crime, serve big bad", The Time Warrior
Isolus flowers (Scribble Monster),2006,2006,10,David Tennant,1,1,Self interest,Fear Her
Jackson (Mrs),2006,2006,10,David Tennant,1,1,Dominate the universe,School Reunion
Jagrafess,2005,2005,9,Christopher Eccleston,1,1,Control Humans,The Long Game
"James, Tennant",2005,2005,9,Christopher Eccleston,1,1,Power,World War Three 
"Jek, Sharaz",1984,1984,"5,6","Peter Davison, Colin Baker",4,1,Hates Morgus,The Caves of Androzani
Jek's androids,1984,1984,"5,6","Peter Davison, Colin Baker",4,1,Serve big bad,The Caves of Androzani
Judoon,2007,2010,"10,11","David Tennant, Matt Smith",3,3,Obey bureaucracy,"Smith & Jones, The Stolen Earth, The Pandorica Opens (see Alliance above)"
"Justice Department, The",2011,2011,11,Matt Smith,1,1,Kill the Doctor,Let's Kill Hitler
K1 Robot (Giant Robot),1974,1975,4,Tom Baker,4,1,Mindless destruction,Robot
Kaftan,1967,1967,2,Patrick Troughton,4,1,Power,Tomb of the Cybermen
Kal,1963,1963,1,William Hartnell,4,1,Power,An Unearthy Child
Kala,1964,1964,1,William Hartnell,6,1,Save alien planet ,The Keys of Marinus
Kalik,1973,1973,3,Jon Pertwee,4,1,Power,Carnival of Monsters
Kaliko (swabb),2007,2007,10,David Tennant,2,1,"Steal oil, make money",The Infinite Quest 
Kamelion (inc benevolent appearences),1983,1984,5,Peter Davison,6,2,Serve big bad,"The King's Demons, Planet of Fire"
Kandyman,1988,1988,7,Sylvester McCoy,3,1,Dictatorship/enslavement,The Happiness Patrol
Kane,1987,1987,7,Sylvester McCoy,3,1,Kill another alien species,Dragon Fire
Karfelon androids,1985,1985,6,Colin Baker,2,1,Serve big bad,Timelash
Keller Machine,1971,1971,3,Jon Pertwee,6,1,Control Humans,The mind of Evil
Kellman,1975,1975,4,Tom Baker,4,1,Serve big bad,Revenge of the Cybermen
Kess,2008,2008,10,David Tennant,1,1,Power,Planet of the Ood
"Kiv, Lord",1986,1986,6,Colin Baker,4,1,Make money,Mindwarp
"Klieg, Eric",1967,1967,2,Patrick Troughton,4,1,Power,Tomb of the Cybermen
"Kovarian, Madame",2011,2011,11,Matt Smith,5,4,Kill Doctor and companions,"Day of the Moon, The Curse of the Black Spot, The Rebel Flesh/The Almost People, A Good Man Goes to War, The Wedding of River Song"
Kraal ,1975,1975,4,Tom Baker,4,1,Kill humans,The Android Invasion
Kraal androids,1975,1975,4,Tom Baker,4,1,Serve big bad,The Android Invasion
Krafayis,2010,2010,11,Matt Smith,1,1,Hunt  ,Vincent and the Doctor
Krillitane,2008,2008,10,David Tennant,1,1,Self interest,School Reunion
Kroagnon,1987,1987,7,Sylvester McCoy,4,1,Kill humans,Paradise Towers
Kroll,1978,1979,4,Tom Baker,4,1,Indiscriminate destruction,The Power of Kroll
Kronos,1972,1972,3,Jon Pertwee,6,1,Serve big bad,The Time Monster
Krotons,1969,1969,2,Patrick Troughton,4,1,Enslavement,The Krotons
Krynoids,1976,1976,4,Tom Baker,6,1,World domination,Seeds of Doom
L1 robot,1986,1986,6,Colin Baker ,4,1,Capture the Doctor,The Mysterious Planet
"Lazarus, Professor Richard",2007,2007,10,David Tennant,1,1,Kill humans,The Lazarus Experiment
"Lethbridge-Stewart, Brigade Leader (alt universe)",1970,1970,3,Jon Pertwee,7,1,Fascist stooge,Inferno
Light,1989,1989,7,Sylvester McCoy,3,1,Destroy all life,Ghost Light
Lilith,2007,2007,10,David Tennant,1,1,Control Humans,The Shakespeare Code
Loch Ness Monster (Skarasen),1975,1975,4,Tom Baker,4,1,Serve big bad,Terror of the Zygons
Lok,2007,2007,10,David Tennant,13,1,Kill humans,The Infinite Quest 
"Lumic, John",2006,2006,10,David Tennant,2,1,"Immortality, medical experiments, kill humans",Rise of the Cybermen/The Age of Steel
Lupine Wavelength Haemovariform (werewolf),2006,2006,10,David Tennant,1,1,Kill everything,Tooth and Claw
Lupton,1974,1974,3,Jon Pertwee,6,1,Serve big bad,Planet of the Spiders
"Lytton, Commander Gustav",1983,1985,"5,6","Peter Davison, Colin Baker",4,2,Serve big bad,"Resurrection of the Daleks, Attack of the Cybermen"
Maaga,1965,1965,1,William Hartnell ,4,1,escape doomed planet,Galaxy 4
MacMillan (DI),2009,2009,10,David Tennant,1,1,Career,Planet of the Dead
Macra (the),1967,2007,"2,10","Patrick Troughton, David Tennant",5,2,Kill everything,"The Macra Terror, Gridlock"
Maggot/Giant Maggot,1973,1973,3,Jon Pertwee,6,1,Kill humans,The Green Death
Magpie (Mr),2006,2006,10,David Tennant ,1,1,Career,The Idiot's Lantern
"Mailer, Harry ",1971,1971,3,Jon Pertwee,6,1,Power,The mind of Evil
Malus,1984,1984,5,Peter Davison,2,1,Kill other alien species,The Awakening
Mandragora Helix,1976,1976,4,Tom Baker,4,1,World domination,The Masque of Mandragora
Mandrels,1979,1979,4,Tom Baker,4,1,Kill everything,Nightmare of Eden
Mansell,1983,1983,5,Peter Davison,4,1,Competing for enlightment,Enlightenment
Mantasphid Queen,2007,2007,10,David Tennant,13,1,Power,The Infinite Quest 
"Manton, Colonel",2011,2011,11,Matt Smith,1,1,Kill Doctor and companions,A Good Man Goes to War
"Mara (the), (Dukkha)",1982,1983,5,Peter Davison,8,2,Feeds off fear,"Kinda, Snakedance"
Marshal of Atrios,1979,1979,4,Tom Baker ,6,1,Power,The Armageddon Factor
Marshal of Solos (the) ,1972,1972,3,Jon Pertwee,6,1,Career,The Mutants
Marshmen,1980,1980,4,Tom Baker,4,1,Defeat the Doctor,Full Circle
Martha Jones- Clone,2008,2008,10,David Tennant,2,1,Serve big bad,The Sontaran Stratagem/The Poison Sky
Master (the),1971,2009,"3,4,5,6,7,8,10","Patrick Troughton, Jon Pertwee, Tom Baker, Peter Davison, Colin Baker, Sylvester McCoy, Paul McGann, David Tennant",84,22,Universal control,"Terror of the Autons,The Mind of Evil,The Claws of Axos,Colony in Space,The Dæmons,The Sea Devils,The Time Monster,Frontier in Space,The Deadly Assassin,The Keeper of Traken,Logopolis,Castrovalva,Time-Flight,The King's Demons,The Five Doctors,Planet of Fire,The Mark of the Rani,The Ultimate Foe,Survival,Doctor Who,Utopia/The Sound of Drums/Last of the Time Lords,The End of Time,The Caves of Androzani"
Master of the Land of Fiction,1968,1968,2,Patrick Troughton,5,1,Trick the Doctor,The Mind Robber
Mavic Chen,1965,1966,1,William Hartnell,12,1,Kill humans,The Daleks' Master Plan
Mawdryn,1983,1983,5,Peter Davison,4,1,Kill humans,Mawdryn Undead
"Maxtible, Theodore",1967,1967,2,Patrick Troughton,7,1,Serve big bad,Evil of the Daleks
"McAllister, Ewan",2005,2005,9,Christopher Eccleston,1,1,Serve big bad,World War Three 
Meddling Monk (the),1965,1966,1,William Hartnell,8,2,Interfere with history,"The Time Meddler, The Daleks' Master Plan"
Meglos,1980,1980,4,Tom Baker,4,1,Kill the Doctor,Meglos
Mehendri Solon,1976,1976,4,Tom Baker,4,1,Kill the Doctor,The Brain of Morbius
Mestor,1984,1984,6,Colin Baker,4,1,Dominate the universe,The Twin Dilema
Metal Spiders,2005,2005,9,Christopher Eccleston,1,1,Serve big bad,The End of the World
Midnight Entity,2008,2008,10,David Tennant,1,1,Survival,Midnight
"Millington, Commander AH",1989,1989,7,Sylvester McCoy,4,1,Serve big bad,The Curse of Fenric
Minister (of Enlightment/Persuasion),1982,1982,5,Peter Davison,4,1,Serve big bad,Four to Doomsday
"Minotaur, The",2011,2011,11,Matt Smith,1,1,Feed on beliefs,The God complex
Monarch,1982,1982,5,Peter Davison,4,1,"Power, money",Four to Doomsday
Monarch's androids,1982,1982,5,Peter Davison,4,1,Serve big bad,Four to Doomsday
Mongol Bandit ,1964,1964,1,William Hartnell ,7,1,Serve big bad ,Marco Polo
Monoid,1966,1966,1,William Hartnell,4,1,Power,The Ark
Morbius,1976,1976,4,Tom Baker,4,1,Universal control,The Brain of Morbius
Mordred,1989,1989,7,Sylvester McCoy,4,1,Power,Battlefield
Morgaine,1989,1989,7,Sylvester McCoy,4,1,War,Battlefield
"Morgus, Trau",1984,1984,"5,6","Peter Davison, Colin Baker",4,1,Make money,The Caves of Androzani
Morka,1970,1970,3,Jon Pertwee,7,1,World domination,Doctor Who and the Silurians    
"Moroks, (the)",1965,1965,1,William Hartnell,4,1,Power,The Space Museum
Morpho,1964,1964,1,William Hartnell,6,1,Save alien planet,The Keys of Marinus
Mortimus ,1965,1966,1,William Hartnell ,16,2,Meddle with time,"The Time Meddler, The Daleks' Master Plan"
Movellans,1979,1979,4,Tom Baker,4,1,War with Daleks,Destiny of the Daleks
Mummies (Osirian service robots),1975,1975,4,Tom Baker,4,1,Serve big bad, Pyramids of Mars
Myrka (the),1984,1984,5,Peter Davison,4,1,Serve big bad,Warriors of the Deep
Mysterious Man,2007,2007,10,David Tennant,1,1,Power/ serve big bad,The Hazarus Experiment
"Naismith, Joshua",2009,2010,"10,11","David Tennant, Matt Smith",2,1,Immortality,The End of Time
"Neo-Nazis, Windsor",1988,1988,7,Sylvester McCoy,3,1,Fascist stooge,Silver Nemesis
Nestene Consciousness,1970,2010,"3,9",Jon Pertwee,9,3,Universal control,Spearhead from Space/Terror of the Autons/Rose
New Humans,2006,2007,10,David Tennant,2,2,Sabotage,"New Earth, Gridlock"
Nilson,1984,1984,5,Peter Davison,4,1,Serve big bad,Warriors of the Deep
"Nimon, The",1979,1980,4,Tom Baker,4,1,Continue the Great Journey of life,The Horns of Nimon
Nucleus,1977,1977,4,Tom Baker,4,1,"Disease, infection",The Invisible Enemy
"Number 79B, Alckman Road",2010,2010,11,Matt Smith,1,1,Capture humans,The Lodger
Nyder,1975,1975,4,Tom Baker,6,1,Serve big bad,Genesis of the Daleks
"Oak, Mr",1968,1968,2,Patrick Troughton,6,1,Serve big bad,Fury from the Deep
Ogri,1978,1978,4,Tom Baker,4,1,Protect,The Stones of Blood
Ogrons ,1972,1973,3,Jon Pertwee,10,2,Serve big bad,"Day of the Daleks, Frontier in Space"
Oil Rig,2007,2007,10,David Tennant,13,1,"Drain oil from planets, make money",The Infinite Quest 
Omega,1972,1983,"1,2,3,5","William Hartnell, Patrick Troughton, Jon Pertwee, Peter Davison",8,2,Revenge,"The Three Doctors, Arc of Infinity"
"Ood, the (Oodkind), inc benevolent appearances",2006,2010,"10,11","David Tennant, Matt Smith",6,4,Serve big bad,"The Impossible Planet/The Satan Pit, Planet of the Ood, The Waters of Mars, Human Nature"
Oracle (the),1978,1978,4,Tom Baker,4,1,Control of alien species,Underworld
Pangol,1980,1980,4,Tom Baker,4,1,Conquest,The Leisure Hive
"Peinforte, Lady",1988,1988,7,Sylvester McCoy,3,1,Wanted ownership of a weapon,Silver Nemesis
Peking Homunculus (Mr Sin),1977,1977,4,Tom Baker,6,1,Kill humans,Talons of Weng Chiang
Pig Slave,2007,2007,10,David Tennant,2,2,Kill humans,"Daleks in Manhatten, Evolution of the Daleks"
"Pike, Samuel ",1966,1966,1,William Hartnell,4,1,Find Treasure,The Smugglers
Plasmatons,1982,1982,5,Peter Davison,4,1,Serve big bad,Time-Flight
Plasmavores (Florence Finnegan),2007,2007,10,David Tennant,1,1,Drink blood,Smith and Jones
Poggit (Mrs),2010,2010,11,Matt Smith,1,1,Serve big bad,Amy's Choice
"Pond, Melody (before redemption)",2011,2011,11,Matt Smith,1,1,Serve big bad,Let's Kill Hitler
Primord,1970,1970,3,Jon Pertwee,7,1,Control Humans,Inferno
Prisoner Zero,2010,2010,11,Matt Smith,1,1,Fugative,The Eleventh Hour
Pyroviles,2008,2008,10,David Tennant,1,1,World domination,The Fires of Pompeii
Quarks,1968,1968,2,Patrick Troughton,5,1,Enslavement,The Dominators
"Quill, Mr",1968,1968,2,Patrick Troughton,6,1,Serve big bad,Fury from the Deep
Quillam,1985,1985,6,Colin Baker ,2,1,Experiments on humans,Vengeance on Varos
"Quinlan, Sir James",1970,1970,7,Jon Pertwee,7,1,Serve big bad,The Ambassadors of Death
"Racnoss, Empress of the",2006,2006,10,David Tennant,1,1,Kill humans,The Runaway Bride
Rago Navigator,1968,1968,2,Patrick Troughton,5,1,Conserve energy,The Dominators
Rani (the),1985,1993,"3,4,5,6,7","Jon Pertwee, Tom Baker, Peter Davison, Colin Baker, Sylvester McCoy",8,3,"Enslavement, Medical experimentation","The Mark of the Rani, Dimensions in Time, Time and the Rani"
Rassilon,1983,2010,"1,2,3,4,5,10,11","Richard Hurndall, Patrick Troughton, Jon Pertwee, Tom Baker, Peter Davison, David Tennant, Matt Smith",3,2,Power,"The Five Doctors, The End of Time"
Raston Warrior Robot,1983,1983,"1,2,3,4,5","Richard Hurndall, Patrick Troughton, Jon Pertwee, Tom Baker, Peter Davison",1,1,Kill everything,The Five Doctors
"Ratcliffe, George",1988,1988,7,Sylvester McCoy,4,1,Ally with the Nazis,Rememberance of the Daleks
"Rattigan, Luke",2008,2008,10,David Tennant,2,1,World domination,The Sontaran Stratagem/The Poison Sky
Reapers,2005,2005,9,Christopher Eccleston,1,1,Sterilise time disturbances, Father's Day
Red Carnivorous Maw,2009,2010,10,David Tennant,2,1,World domination,The End of Time
Reegan,1970,1970,7,Jon Pertwee,7,1,Crime,The Ambassadors of Death
Restac,2010,2010,11,Matt Smith,1,1,World domination,Cold Blood
Roboforms,2005,2010,"10,11","David Tennant, Matt Smith",3,3,Scavengers/Imprison the Doctor,"The Christmas Invasion, The Runaway Bride, The Pandorica Opens (see Alliance above)"
Robomen,1964,1964,1,Wiliam Hartnell,6,1,Serve big bad,The Dalek Invasion of Earth
Robot Dr Who,1965,1965,1,William Hartnell,6,1,Kill Doctor and companions,The Chase
Robotic cleaners,1987,1987,7,Sylvester McCoy,4,1,Serve big bad,Paradise Towers
Robotic crab,1987,1987,7,Sylvester McCoy,4,1,Serve big bad,Paradise Towers
Rodrick,2005,2005,"9,10","Christopher Eccleston, David Tennant",2,2,money (prize money),"Bad Wolf, Parting of the Ways"
Rorvik,1980,1980,4,Tom Baker,4,1,Slave Trader,Warriors' Gate
Rudge,1986,1986,6,Colin Baker,4,1,Serve big bad,Terror of the Vervoids
Rutans,1977,1977,4,Tom Baker,4,1,War,Horror of Fang Rock
Salamander,1967,1968,2,Patrick Troughton,6,1,Wants to control an organisation,The Enemy of the World
"Smith, Josiah Samuel (Survey)",1989,1989,7,Sylvester McCoy,3,1,Destroy all life,Ghost Light
San Francisco street gang,1996,1996,"7,8","Sylvester McCoy, Paul McGann",1,1,Turf war (shoots doctor),Doctor Who (TV movie)
Saturnynians,2010,2010,11,Matt Smith,1,1,World domination,The Vampires of Venice
"Saxon, Lucy",2007,2010,10,David Tennant,4,2,Serve big bad,"The End of time, The Sound of Drums/Last of the Time Lords"
"Scarman, Marcus",1975,1975,4,Tom Baker,4,1,Serve big bad,Pyramids of Mars
Scaroth,1979,1979,4,Tom Baker,4,1,Steal the Mona Lisa to finance experiments,City of Death
Scorby ,1976,1976,4,Tom Baker,6,1,Flee England,The seeds of Doom
Screaming Jungle (The),1964,1964,1,William Hartnell,6,1,Save alien planet,The Keys of Marinus
Sea Devils,1972,1984,"3,5","Jon Pertwee, Peter Davison",10,2,Capture the Doctor,"The Sea Devils, Warriors of the Deep"
Seaweed Creature (Weed creature),1968,1968,2,Patrick Troughton,6,1,World domination,Fury from the Deep
Seers,1978,1978,4,Tom Baker,4,1,Serve big bad,Underworld
Sensorites,1964,1964,1,William Hartnell,6,1,Fear,The Sensorites
Shadow (the),1979,1979,4,Tom Baker,6,1,War,The Armageddon Factor
Shakri,2012,2012,11,Matt Smith,1,1,Destroy humans,The Power of Three
Sharrel,1979,1979,4,Tom Baker,4,1,Destroy,Destiny of the Daleks
Shockeye of the Quawncing Grig ,1985,1985,"2,6","Patrick Troughton, Colin Baker",3,1,Eat human flesh,The Two Doctors
Silence (the),2011,2011,11,Matt Smith,4,3,World domination,"The Impossible Astronaut/Day of the Moon, Let's Kill Hitler, The Wedding of River Song"
Sil,1985,1986,6,Colin Baker,6,2,Exploitation,Vengeance on Varos/Mindwarp
Silurians (exc Sea Devils),1970,2010,"3,5,11","Jon Pertwee, Peter Davison, Matt Smith",16,6,World domination,"Doctor Who and the Silurians, Warriors of the Deep, The Hungry Earth/Cold Blood, The Pandorica Opens (see Alliance above), A Good Man Goes to War"
"Simeon, Dr",2012,2012,11,Matt Smith,1,1,Serve big bad,The Snowmen
Sin (Mr),1977,1977,4,Tom Baker,6,1,Kill humans,The Talons of Weng-Chiang
"Sisters of Plenitude (Hame, Jaff)",2006,2007,10,David Tennant,2,2,"Power, experimented on humans","New Earth, Gridlock"
Skagra,1979,1979,4,Tom Baker,6,1,Universe domination,Shada
Skeleton Crew ,2007,2007,10,David Tennant,13,1,Self interest,The Infinite Quest 
Skorpius Flies,2009,2009,10,David Tennant,7,1,Self interest (food),Dreamland
Slab,2007,2007,10,David Tennant,1,1,Serve big bad,Smith and Jones
"Slitheen (Strickland, Margaret Blaine and Oliver Charles)",2005,2005,9,Christopher Eccleston,3,2,"World domination, kill humans","Aliens of London/World War Three, Boom Town"
Slyther,1964,1964,1,Wiliam Hartnell,6,1,Serve big bad,The Dalek Invasion of Earth
Smilers (Winders),2010,2010,11,Matt Smith,1,1,Serve big bad,The Beast Below
"Sneed, Gabriel",2005,2005,9,Christopher Eccleston,1,1,Self interest,The Unquiet Dead
"Snowmen, The",2012,2012,11,Matt Smith,1,1,Serve Big Bad,The Snowmen
"Soldeed, The",1979,1980,4,Tom Baker,4,1,Rebuild the Skonnan Empire,The Horns of Nimon
Soloman,2012,2012,11,Matt Smith,1,1,Profit,Dinosaurs on a Spaceship
Soloman's robots (x2),2012,2012,11,Matt Smith,1,1,Serve big bad,Dinosaurs on a Spaceship
"Solon, Dr Mehendri",1976,1976,4,Tom Baker,4,1,Medical experiments,The Brain of Morbius
"Solow, Dr",1984,1984,5,Peter Davison,4,1,Serve big bad,Warriors of the Deep
Sontarans,1973,2008,"2,3,4,6,10,11","Patrick Troughton, Jon Pertwee, Tom Baker, Colin Baker, David Tennant, Matt Smith",21,9,"War, world domination","The Time Warrior, The Sontaran Experiment, The Invasion of Time, The Two Doctors, The Sontaran Stratagem/The Poison Sky, Logopolis, The End of Time, The Pandorica Opens, A Good Man Goes to War"
Squawk,2007,2007,10,David Tennant,13,1,Serve big bad,The Infinite Quest 
Sskel,1974,1974,3,Jon Pertwee,6,1,Power,The Monster of Peladon
Staal,2008,2008,10,David Tennant,2,1,World domination,The Sontaran Stratagem/The Poison Sky
"Stael, Maximillion",1977,1977,4,Tom Baker,4,1,Serve big bad,Image of the Fendahl
"Stahlman, Professor",1970,1970,3,Jon Pertwee,4,1,World domination,Inferno
"Stark, Colonel",2009,2009,10,David Tennant,7,1,"Power, Kill humans",Dreamland
Stike,1985,1985,"2,6","Patrick Troughton, Colin Baker",3,1,Make time machine,The Two Doctors
Stingray,2009,2009,10,David Tennant,1,1,Self interest (food),Planet of the Dead
Stotz,1984,1984,"1,5,6","William Hartnell, Peter Davison, Colin Baker",4,1,Make money,The Caves of Androzani
"Styggron, Chief scientist",1975,1975,4,Tom Baker,4,1,Medical experiments,The Android Invasion
Super Voc SV7 robot,1977,1977,4,Tom Baker,4,1,Serve big bad,The Robots of Death
Surgeons,2005,2005,9,Christopher Eccleston,1,1,Serve big bad,The End of the World
Sutekh,1975,1975,4,Tom Baker,4,1,Destroy all life,Pyramids of Mars
Swarm (Alien Stingray),2009,2009,10,David Tennant,1,1,Destroy all life,Planet of the Dead
Sycorax (Fadros Pullujikaa),2005,2010,"10,11","David Tennant, Matt Smith",2,2,World domination,The Christmas Invasion (also see Alliance above)
"Taltalian, Bruno",1970,1970,7,Jon Pertwee,7,1,Serve big bad,The Ambassadors of Death
Taran androids,1978,1978,4,Tom Baker,4,1,Serve big bad,The Androids of Tara
Tegana,1964,1964,1,William Hartnell,7,1,Kill the Doctor,Marco Polo
Tekker,1985,1985,6,Colin Baker,2,1,Serve big bad,Timelash
Terileptil's android,1982,1982,5,Peter Davison,4,1,Serve big bad,The Visitation
Terileptils,1982,1982,5,Peter Davison,4,1,Kill the Doctor,The Visitation
Terrible Zodin,1983,1985,"1,2,3,4,6","William Hartnell, Patrick Troughton, Jon Pertwee, Tom Baker, Colin Baker",3,2,attack the Doctor,"The Five Doctors, Attack of the Cybermen"
Teselecta,2011,2011,11,Matt Smith,1,1,Serve big bad,Let's Kill Hitler
Teselecta antibodies,,2011,11,Matt Smith,1,1,Serve big bad,Let's Kill Hitler
Tetrap,1987,1987,7,Sylvester McCoy,4,1,Control the Universe,Time and the Rani
Thawn,1978,1979,4,Tom Baker,4,1,Power,The Power of Kroll
Three Who Rule,1980,1980,4,Tom Baker,4,1,Kill creatures/control humans,State of Decay
Timanor,1984,1984,5,Peter Davison,4,1,Power,Planet of Fire 
Time Beetle,2008,2008,10,David Tennant,1,1,"Meddle with time, creating parallel universes",Turn Left
Tlotoxl,1964,1964,1,William Hartnell,4,1,Religion,The Aztecs
Toclafane,2007,2007,10,David Tennant,2,1,Self interest,The Sound of the Drums/Last of the Time Lords
Torajii System Sun,2007,2007,10,David Tennant,1,1,Posess crew members,42
Tractator,1984,1984,5,Peter Davison,4,1,Invade,Frontios
Trask (The Highlanders),1966,1967,2,Patrick Troughton,4,1,Smuggle weapons,The Highlanders
Trin-E,2005,2005,9,Christopher Eccleston,1,1,Serve big bad,Bad Wolf
Tryst,1979,1979,4,Tom Baker,4,1,Make money,Nightmare of Eden
Ulysees Meregrass,2007,2007,10,David Tennant ,13,1,Make money,The Infinite Quest
Unicorn (the),2008,2008,10,David Tennant,1,1,steal jewels,The Unicorn and the Wasp
Uvodni,2010,2010,11,Matt Smith,1,1,Imprison the Doctor,The Pandorica Opens (see Alliance above)
Valeyard (the),1986,1986,6,Colin Baker,18,3,Kill the Doctor,"The Mysterious Planet/The Ultimate Foe, Trial of a Timelord"
"van Statten, Henry",2005,2005,9,Christopher Eccleston,1,1,Corruption,Dalek
Vardan,1978,1978,4,Tom Baker,6,1,Time travelling,The Invasion of Time
Varga,1967,1967,2,Patrick Troughton,6,1,World domination,The Ice Warriors
Varl,1985,1985,"2,6","Patrick Troughton, Colin Baker",3,1,Possess time travel,The Two Doctors
Varla,1967,1967,2,Patrick Troughton,3,1,Possess time travel,The Two Doctors
Vashta Nerada,2008,2008,10,David Tennant,2,1,Consume lifeforms,Silence in the Library/Forest of the Dead
Vasor,1964,1964,1,William Hartnell,6,1,Save alien planet,The Keys of Marinus
"Vaughn, Tobias",1968,1968,2,Patrick Troughton,8,1,Kill the Doctor,The Invasion
Vervoids ,1986,1986,6,Colin Baker,4,1,Kill humans,Terror of the Vervoids
Vespiforms,2008,2008,10,David Tennant,1,1,"Research, not in control of powers",The Unicorn and the Wasp
Viperox,2009,2009,10,David Tennant,7,1,Hunt/invade,Dreamland
VOC robot,1977,1977,4,Tom Baker,4,1,Serve big bad,The Robots of Death
Voord,1964,1964,1,William Hartnell,6,1,Wants to control a Planet,The Keys of Marinus
"Vynda-K, Graff",1978,1978,4,Tom Baker,4,1,Make money,The Ribos Operation
Wagner,2006,2006,10,David Tennant,1,1,Control time and the universe,School Reunion
War Chief,1969,1969,2,Patrick Troughton,10,1,Kidnapp,The War Games
War Lord,1969,1969,2,Patrick Troughton,10,1,Kidnapp,The War Games
Weeping Angels,2007,2012,"10,11","David Tennant, Matt Smith",4,3,"Kill, trap in time","Blink, The Time of Angels/Flesh and Stone, The Angels Take Manhattan"
Weevils,2010,2010,11,Matt Smith,1,1,Imprison the Doctor,The Pandorica Opens (see Alliance above)
Whitaker,1974,1974,3,Jon Pertwee,6,1,Possess time travel,Invasion of the Dinosaurs
White Robot,1968,1968,2,Patrick Troughton,5,1,Serve big bad ,The Mind Robber 
Winder ,2010,2010,11,Matt Smith,1,1,Protect ,The Beast Below
"Winters, Miss",1974,1975,4,Tom Baker,4,1,Blackmail,Robot
Wire (the),2006,2006,10,David Tennant,1,1,Erase thoughts,The Idiot's Lantern
Wirrn/Wirrrn ,1975,1975,4,Tom Baker,4,1,World domination,The Ark in Space
Wolfweeds,1979,1979,4,Tom Baker,4,1,Serve big bad,The Creature from the Pit
WOTAN,1966,1966,1,William Hartnell,4,1,World domination,The War Machines
Wrack,1983,1983,5,Peter Davison,4,1,Compete for enlightenment,Enlightenment
"Xanxia, Queen",1978,1978,4,Tom Baker,4,1,Make money,The Pirate Planet
Xoanon,1977,1977,4,Tom Baker,4,1,Enslavement,The Face of Evil
Yartek,1964,1964,1,William Hartnell,6,1,Serve big Bad,The Keys of Marinus
Yeti,1967,1983,"1,2,3,4,5","William Hartnell, Patrick Troughton, Jon Pertwee, Tom Baker, Peter Davison",13,3,Serve big bad,"The Abominable Snowmen, The Web of Fear, The Five Doctors"
Za,1963,1963,1,William Hartnell,4,1,Power,An Unearthy Child
Zarbi,1965,1965,1,William Hartnell,6,1,"Forage, possessed",The Web Planet
Zargo (one of Three who rule),1980,1980,4,Tom Baker,4,1,"Drink blood, control humans",State of Decay
"Zaroff, Professor",1967,1967,2,Patrick Troughton,4,1,Destroy the World,The Underwater Menace
Zu-Zana,2005,2005,9,Christopher Eccleston,1,1,Serve big bad,Bad Wolf
Zygons,1975,2012,"4,11","Tom Baker, Matt Smith",5,2,Invade earth,"Terror of the Zygons, The Power of Three"